site_count,ok,commit_mode,disaster_safe_ms
2,1,FAST,99.211245
2,1,FAST,128.259218
2,1,FAST,133.907352
2,1,FAST,177.686235
2,1,FAST,167.678183
2,1,FAST,199.194491
2,1,FAST,124.992281
2,1,FAST,145.430300
2,1,FAST,83.404127
2,1,FAST,97.401226
2,1,FAST,208.688960
2,1,FAST,198.581925
2,1,FAST,138.283202
2,1,FAST,152.250386
2,1,FAST,127.702330
2,1,FAST,105.161288
2,1,FAST,83.483150
2,1,FAST,185.626984
2,1,FAST,169.815731
2,1,FAST,140.492987
2,1,FAST,167.230446
2,1,FAST,138.458974
2,1,FAST,112.697386
2,1,FAST,167.986339
2,1,FAST,171.556734
2,1,FAST,83.735798
2,1,FAST,153.708199
2,1,FAST,83.773939
2,1,FAST,161.833646
2,1,FAST,113.615533
2,1,FAST,124.398213
2,1,FAST,140.710742
2,1,FAST,110.011291
2,1,FAST,140.799093
2,1,FAST,183.094554
2,1,FAST,107.416817
2,1,FAST,86.432313
2,1,FAST,118.252356
2,1,FAST,168.957340
2,1,FAST,142.566781
2,1,FAST,188.258142
2,1,FAST,117.726685
2,1,FAST,166.198413
2,1,FAST,135.990770
2,1,FAST,127.610541
2,1,FAST,173.162311
2,1,FAST,83.745837
2,1,FAST,107.516994
2,1,FAST,151.361265
2,1,FAST,83.389307
2,1,FAST,169.426181
2,1,FAST,189.916709
2,1,FAST,95.540148
2,1,FAST,156.033176
2,1,FAST,115.303834
2,1,FAST,130.309184
2,1,FAST,130.160660
2,1,FAST,93.480825
2,1,FAST,191.396800
2,1,FAST,147.530978
2,1,FAST,119.024182
2,1,FAST,166.901892
2,1,FAST,119.793633
2,1,FAST,157.545733
2,1,FAST,128.779262
2,1,FAST,140.804356
2,1,FAST,173.098206
2,1,FAST,83.760253
2,1,FAST,148.345309
2,1,FAST,111.239117
2,1,FAST,112.516243
2,1,FAST,186.533657
2,1,FAST,83.709560
2,1,FAST,146.591804
2,1,FAST,153.285184
2,1,FAST,165.149084
2,1,FAST,94.730688
2,1,FAST,137.155159
2,1,FAST,178.274373
2,1,FAST,84.007903
2,1,FAST,203.865705
2,1,FAST,154.165604
2,1,FAST,103.760857
2,1,FAST,129.480342
2,1,FAST,111.345391
2,1,FAST,83.925552
2,1,FAST,99.511816
2,1,FAST,118.891087
2,1,FAST,179.758185
2,1,FAST,125.029128
2,1,FAST,130.382856
2,1,FAST,150.789791
2,1,FAST,96.391375
2,1,FAST,187.168224
2,1,FAST,105.558439
2,1,FAST,161.412019
2,1,FAST,129.202053
2,1,FAST,156.012368
2,1,FAST,83.034874
2,1,FAST,191.103649
2,1,FAST,178.403344
2,1,FAST,110.422422
2,1,FAST,149.576262
2,1,FAST,129.800917
2,1,FAST,136.201990
2,1,FAST,142.106578
2,1,FAST,144.332225
2,1,FAST,83.634500
2,1,FAST,157.580965
2,1,FAST,113.099965
2,1,FAST,142.525279
2,1,FAST,201.616548
2,1,FAST,88.737945
2,1,FAST,174.024553
2,1,FAST,85.311892
2,1,FAST,140.384263
2,1,FAST,121.455571
2,1,FAST,167.925369
2,1,FAST,132.930168
2,1,FAST,83.809297
2,1,FAST,168.228666
2,1,FAST,124.779825
2,1,FAST,93.583092
2,1,FAST,157.753171
2,1,FAST,117.365289
2,1,FAST,187.791161
2,1,FAST,126.995147
2,1,FAST,153.088785
2,1,FAST,127.632358
2,1,FAST,83.854482
2,1,FAST,87.943190
2,1,FAST,171.520955
2,1,FAST,149.957925
2,1,FAST,119.957285
2,1,FAST,201.462740
2,1,FAST,101.517405
2,1,FAST,179.030523
2,1,FAST,88.909904
2,1,FAST,83.938917
2,1,FAST,84.869014
2,1,FAST,151.284796
2,1,FAST,196.996316
2,1,FAST,113.326159
2,1,FAST,93.092713
2,1,FAST,170.315952
2,1,FAST,119.866770
2,1,FAST,124.275704
2,1,FAST,185.101391
2,1,FAST,192.254109
2,1,FAST,93.587818
2,1,FAST,127.855430
2,1,FAST,141.600854
2,1,FAST,159.861175
2,1,FAST,114.592693
2,1,FAST,83.446159
2,1,FAST,134.961142
2,1,FAST,168.350136
2,1,FAST,115.328715
2,1,FAST,154.747167
2,1,FAST,136.998213
2,1,FAST,198.074353
2,1,FAST,88.597279
2,1,FAST,108.892249
2,1,FAST,195.308871
2,1,FAST,131.161323
2,1,FAST,127.884855
2,1,FAST,160.054142
2,1,FAST,83.767139
2,1,FAST,174.159481
2,1,FAST,175.744504
2,1,FAST,154.072104
2,1,FAST,151.040412
2,1,FAST,117.269002
2,1,FAST,112.358545
2,1,FAST,107.388232
2,1,FAST,89.447866
2,1,FAST,162.220819
2,1,FAST,124.697904
2,1,FAST,139.367061
2,1,FAST,89.189270
2,1,FAST,84.500544
2,1,FAST,120.040362
2,1,FAST,101.085951
2,1,FAST,157.187567
2,1,FAST,97.523830
2,1,FAST,97.691891
2,1,FAST,83.952279
2,1,FAST,103.632755
2,1,FAST,171.889250
2,1,FAST,198.867461
2,1,FAST,164.047372
2,1,FAST,126.809185
2,1,FAST,92.085542
2,1,FAST,145.182737
2,1,FAST,109.148694
2,1,FAST,102.004331
2,1,FAST,87.407554
2,1,FAST,156.440427
2,1,FAST,142.112360
2,1,FAST,83.978370
2,1,FAST,107.853445
2,1,FAST,138.571352
2,1,FAST,152.149433
2,1,FAST,213.329927
2,1,FAST,192.661177
2,1,FAST,122.884466
2,1,FAST,85.814014
2,1,FAST,112.843837
2,1,FAST,165.876077
2,1,FAST,150.064345
2,1,FAST,98.719740
2,1,FAST,137.426759
2,1,FAST,140.186357
2,1,FAST,122.598758
2,1,FAST,84.106944
2,1,FAST,130.845170
2,1,FAST,143.542470
2,1,FAST,114.536992
2,1,FAST,204.246941
2,1,FAST,193.247707
2,1,FAST,175.855020
2,1,FAST,163.057151
2,1,FAST,137.578974
2,1,FAST,84.001326
2,1,FAST,92.480349
2,1,FAST,140.397131
2,1,FAST,122.290700
2,1,FAST,194.614585
2,1,FAST,92.402410
2,1,FAST,84.698565
2,1,FAST,165.717619
2,1,FAST,85.617211
2,1,FAST,149.521976
2,1,FAST,131.308159
2,1,FAST,164.494809
2,1,FAST,147.556522
2,1,FAST,111.423282
2,1,FAST,192.690552
2,1,FAST,138.935509
2,1,FAST,215.971515
2,1,FAST,186.786587
2,1,FAST,121.770170
2,1,FAST,167.206058
2,1,FAST,118.020031
2,1,FAST,88.171964
2,1,FAST,141.246690
2,1,FAST,135.157554
2,1,FAST,109.107757
2,1,FAST,116.192638
2,1,FAST,157.368491
2,1,FAST,184.976443
2,1,FAST,113.690824
2,1,FAST,83.922141
2,1,FAST,151.591657
2,1,FAST,84.017208
2,1,FAST,125.933795
2,1,FAST,119.100747
2,1,FAST,163.795760
2,1,FAST,201.790228
2,1,FAST,112.422727
2,1,FAST,187.374554
2,1,FAST,144.865402
2,1,FAST,175.340019
2,1,FAST,106.024593
2,1,FAST,119.058985
2,1,FAST,105.033575
2,1,FAST,156.569748
2,1,FAST,83.997978
2,1,FAST,85.663420
2,1,FAST,177.173602
2,1,FAST,182.846440
2,1,FAST,106.364728
2,1,FAST,116.387125
2,1,FAST,104.369509
2,1,FAST,146.609490
2,1,FAST,165.131028
2,1,FAST,83.929271
2,1,FAST,83.979724
2,1,FAST,126.428924
2,1,FAST,155.601082
2,1,FAST,149.657981
2,1,FAST,141.376877
2,1,FAST,113.165760
2,1,FAST,109.997005
2,1,FAST,90.055021
2,1,FAST,205.231316
2,1,FAST,108.949698
2,1,FAST,199.323723
2,1,FAST,145.457952
2,1,FAST,116.247748
2,1,FAST,124.482276
2,1,FAST,175.462878
2,1,FAST,180.419837
2,1,FAST,112.065516
2,1,FAST,142.137218
2,1,FAST,90.474197
2,1,FAST,160.778572
2,1,FAST,84.114916
2,1,FAST,117.057608
2,1,FAST,143.052542
2,1,FAST,83.997469
2,1,FAST,160.873892
2,1,FAST,108.612575
2,1,FAST,143.324671
2,1,FAST,185.462509
2,1,FAST,118.928199
2,1,FAST,106.380893
2,1,FAST,182.055597
2,1,FAST,186.234338
2,1,FAST,84.097336
2,1,FAST,101.028992
2,1,FAST,103.233665
2,1,FAST,164.757661
2,1,FAST,142.756172
2,1,FAST,189.740168
2,1,FAST,115.807171
2,1,FAST,124.748625
2,1,FAST,163.647693
2,1,FAST,127.000947
2,1,FAST,83.820940
2,1,FAST,139.451460
2,1,FAST,154.613934
2,1,FAST,107.194453
2,1,FAST,119.949432
2,1,FAST,141.823778
2,1,FAST,88.039461
2,1,FAST,182.708368
2,1,FAST,191.840291
2,1,FAST,157.208228
2,1,FAST,188.952511
2,1,FAST,114.347850
2,1,FAST,84.036943
2,1,FAST,118.529397
2,1,FAST,90.915447
2,1,FAST,147.673346
2,1,FAST,167.954161
2,1,FAST,206.392371
2,1,FAST,106.519134
2,1,FAST,183.150108
2,1,FAST,166.515610
2,1,FAST,84.332367
2,1,FAST,95.738081
2,1,FAST,141.864988
2,1,FAST,138.718461
2,1,FAST,122.540330
2,1,FAST,89.700822
2,1,FAST,87.793555
2,1,FAST,176.257504
2,1,FAST,143.597795
2,1,FAST,84.051996
2,1,FAST,106.210630
2,1,FAST,151.481360
2,1,FAST,160.826242
2,1,FAST,118.144375
2,1,FAST,185.108755
2,1,FAST,102.118901
2,1,FAST,83.887116
2,1,FAST,181.063122
2,1,FAST,120.004023
2,1,FAST,143.766722
2,1,FAST,156.668811
2,1,FAST,118.911508
2,1,FAST,175.173640
2,1,FAST,131.844731
2,1,FAST,185.633188
2,1,FAST,88.332534
2,1,FAST,157.803839
2,1,FAST,158.125726
2,1,FAST,110.743463
2,1,FAST,194.058552
2,1,FAST,83.903704
2,1,FAST,100.488181
2,1,FAST,150.863048
2,1,FAST,135.734906
2,1,FAST,108.526855
2,1,FAST,207.749138
2,1,FAST,161.651047
2,1,FAST,83.953299
2,1,FAST,178.949361
2,1,FAST,135.251042
2,1,FAST,179.097447
2,1,FAST,123.266136
2,1,FAST,191.004864
2,1,FAST,83.664143
2,1,FAST,153.358377
2,1,FAST,160.462496
2,1,FAST,99.426105
2,1,FAST,148.728660
2,1,FAST,84.276481
2,1,FAST,177.864829
2,1,FAST,136.122128
2,1,FAST,112.375029
2,1,FAST,185.390414
2,1,FAST,83.822969
2,1,FAST,182.955248
2,1,FAST,135.260704
2,1,FAST,130.934983
2,1,FAST,83.706926
2,1,FAST,149.420552
2,1,FAST,191.502657
2,1,FAST,109.298892
2,1,FAST,168.796242
2,1,FAST,181.796372
2,1,FAST,130.954490
2,1,FAST,110.392084
2,1,FAST,102.655695
2,1,FAST,135.574894
2,1,FAST,188.828324
2,1,FAST,161.654059
2,1,FAST,129.623138
2,1,FAST,83.607812
2,1,FAST,96.825780
2,1,FAST,91.097458
2,1,FAST,140.570936
2,1,FAST,125.293975
2,1,FAST,165.496370
2,1,FAST,87.323348
2,1,FAST,191.048680
2,1,FAST,95.421902
2,1,FAST,200.757938
2,1,FAST,109.696646
2,1,FAST,84.062066
2,1,FAST,173.493286
2,1,FAST,150.696326
2,1,FAST,115.377886
2,1,FAST,144.512444
2,1,FAST,141.718457
2,1,FAST,104.756983
2,1,FAST,211.343223
2,1,FAST,209.096041
2,1,FAST,172.583996
2,1,FAST,184.877182
2,1,FAST,115.606909
2,1,FAST,212.075199
2,1,FAST,127.117871
2,1,FAST,196.723335
2,1,FAST,98.869129
2,1,FAST,182.804719
2,1,FAST,153.052854
2,1,FAST,121.558304
2,1,FAST,117.018465
2,1,FAST,99.993878
2,1,FAST,83.454283
2,1,FAST,202.524295
2,1,FAST,171.561179
2,1,FAST,179.789999
2,1,FAST,145.020345
2,1,FAST,96.944552
2,1,FAST,172.373933
2,1,FAST,146.300266
2,1,FAST,85.890976
2,1,FAST,155.920471
2,1,FAST,111.346874
2,1,FAST,119.796669
2,1,FAST,83.462032
2,1,FAST,139.224142
2,1,FAST,87.426505
2,1,FAST,171.872358
2,1,FAST,193.980761
2,1,FAST,143.708073
2,1,FAST,115.333656
2,1,FAST,171.276070
2,1,FAST,175.279621
2,1,FAST,97.559197
2,1,FAST,113.551502
2,1,FAST,201.694434
2,1,FAST,134.466172
2,1,FAST,188.875476
2,1,FAST,155.214570
2,1,FAST,185.805612
2,1,FAST,135.739137
2,1,FAST,129.258443
2,1,FAST,83.891231
2,1,FAST,165.034500
2,1,FAST,125.157518
2,1,FAST,99.467700
2,1,FAST,112.344787
2,1,FAST,111.889147
2,1,FAST,174.192858
2,1,FAST,104.965471
2,1,FAST,191.765741
2,1,FAST,124.026286
2,1,FAST,172.166517
2,1,FAST,143.453286
2,1,FAST,83.977362
2,1,FAST,141.033847
2,1,FAST,111.444495
2,1,FAST,119.687077
2,1,FAST,125.411439
2,1,FAST,158.761403
2,1,FAST,127.612126
2,1,FAST,116.879139
2,1,FAST,113.598580
2,1,FAST,117.346180
2,1,FAST,114.903413
2,1,FAST,189.979548
2,1,FAST,144.433442
2,1,FAST,91.283112
2,1,FAST,167.143886
2,1,FAST,104.301418
2,1,FAST,156.769481
2,1,FAST,123.460281
2,1,FAST,87.905937
2,1,FAST,83.880597
2,1,FAST,147.722329
2,1,FAST,183.021010
2,1,FAST,115.057437
2,1,FAST,123.872967
2,1,FAST,125.015950
2,1,FAST,120.490114
2,1,FAST,115.859062
2,1,FAST,136.095106
2,1,FAST,112.312000
2,1,FAST,155.420408
2,1,FAST,134.165067
2,1,FAST,135.130502
2,1,FAST,167.769094
2,1,FAST,137.615250
2,1,FAST,115.564476
2,1,FAST,115.968470
2,1,FAST,196.738059
2,1,FAST,170.038800
2,1,FAST,87.225025
2,1,FAST,143.179887
2,1,FAST,105.576359
2,1,FAST,117.923559
2,1,FAST,163.873361
2,1,FAST,119.298196
2,1,FAST,126.531917
2,1,FAST,133.737908
2,1,FAST,83.258638
2,1,FAST,114.277691
2,1,FAST,148.691159
2,1,FAST,105.589431
2,1,FAST,135.915417
2,1,FAST,139.259255
2,1,FAST,162.635418
2,1,FAST,106.183095
2,1,FAST,150.200973
2,1,FAST,110.750764
2,1,FAST,84.766463
2,1,FAST,134.342954
2,1,FAST,83.852131
2,1,FAST,158.031743
2,1,FAST,136.460590
2,1,FAST,120.642883
2,1,FAST,169.355879
2,1,FAST,189.977693
2,1,FAST,110.318817
2,1,FAST,146.735990
2,1,FAST,118.671527
2,1,FAST,89.680973
2,1,FAST,171.757891
2,1,FAST,96.767238
2,1,FAST,140.881962
2,1,FAST,166.101475
2,1,FAST,119.792191
2,1,FAST,141.559091
2,1,FAST,179.728212
2,1,FAST,206.644650
2,1,FAST,185.100854
2,1,FAST,213.735525
2,1,FAST,105.496156
2,1,FAST,134.647118
2,1,FAST,156.233755
2,1,FAST,141.709872
2,1,FAST,104.805835
2,1,FAST,117.931825
2,1,FAST,164.749333
2,1,FAST,111.127924
2,1,FAST,90.204035
2,1,FAST,89.835919
2,1,FAST,148.237976
2,1,FAST,83.948301
2,1,FAST,142.574674
2,1,FAST,150.366505
2,1,FAST,84.742848
2,1,FAST,113.222924
2,1,FAST,127.837285
2,1,FAST,143.344936
2,1,FAST,177.648749
2,1,FAST,179.246273
2,1,FAST,207.606167
2,1,FAST,131.023905
2,1,FAST,83.859389
2,1,FAST,151.951763
2,1,FAST,118.111725
2,1,FAST,101.656569
2,1,FAST,206.512817
2,1,FAST,192.034742
2,1,FAST,155.229405
2,1,FAST,100.665808
2,1,FAST,128.634163
2,1,FAST,178.626214
2,1,FAST,181.355073
2,1,FAST,146.861286
2,1,FAST,96.450951
2,1,FAST,108.499772
2,1,FAST,159.065632
2,1,FAST,125.413431
2,1,FAST,112.423010
2,1,FAST,105.401595
2,1,FAST,148.682244
2,1,FAST,165.498214
2,1,FAST,82.813012
2,1,FAST,106.885864
2,1,FAST,179.042075
2,1,FAST,92.855417
2,1,FAST,198.470934
2,1,FAST,123.359427
2,1,FAST,144.105187
2,1,FAST,95.685099
2,1,FAST,178.214448
2,1,FAST,128.409624
2,1,FAST,83.914861
2,1,FAST,142.603915
2,1,FAST,184.821686
2,1,FAST,172.048754
2,1,FAST,120.607411
2,1,FAST,185.047050
2,1,FAST,166.290376
2,1,FAST,146.081506
2,1,FAST,120.744280
2,1,FAST,84.112916
2,1,FAST,106.522855
2,1,FAST,177.376960
2,1,FAST,213.151680
2,1,FAST,203.867056
2,1,FAST,91.907217
2,1,FAST,100.775345
2,1,FAST,142.443292
2,1,FAST,146.507834
2,1,FAST,119.069920
2,1,FAST,175.196428
2,1,FAST,110.919802
2,1,FAST,96.131337
2,1,FAST,175.799714
2,1,FAST,173.644414
2,1,FAST,84.126610
2,1,FAST,133.451367
2,1,FAST,155.728206
2,1,FAST,102.313450
2,1,FAST,83.827321
2,1,FAST,129.447357
2,1,FAST,101.474785
2,1,FAST,130.033388
2,1,FAST,171.951179
2,1,FAST,146.938620
2,1,FAST,111.210033
2,1,FAST,158.212827
2,1,FAST,113.972020
2,1,FAST,152.005506
2,1,FAST,120.958493
2,1,FAST,82.865287
2,1,FAST,174.732776
2,1,FAST,134.419564
2,1,FAST,109.944694
2,1,FAST,136.375447
2,1,FAST,160.708315
2,1,FAST,169.633935
2,1,FAST,144.395567
2,1,FAST,152.183164
2,1,FAST,83.744501
2,1,FAST,138.317551
2,1,FAST,111.103365
2,1,FAST,105.382688
2,1,FAST,163.760472
2,1,FAST,147.207320
2,1,FAST,135.321214
2,1,FAST,154.375473
2,1,FAST,149.647508
2,1,FAST,103.912613
2,1,FAST,109.270653
2,1,FAST,156.050273
2,1,FAST,183.736776
2,1,FAST,84.104861
2,1,FAST,103.363241
2,1,FAST,156.173892
2,1,FAST,122.845998
2,1,FAST,152.499516
2,1,FAST,119.037589
2,1,FAST,94.066008
2,1,FAST,84.035898
2,1,FAST,182.295078
2,1,FAST,157.490947
2,1,FAST,176.883585
2,1,FAST,133.453111
2,1,FAST,128.891809
2,1,FAST,96.205504
2,1,FAST,107.492018
2,1,FAST,164.407486
2,1,FAST,120.068157
2,1,FAST,151.295456
2,1,FAST,133.960739
2,1,FAST,98.975223
2,1,FAST,95.040982
2,1,FAST,84.113577
2,1,FAST,90.306565
2,1,FAST,98.165150
2,1,FAST,177.102379
2,1,FAST,164.633578
2,1,FAST,83.782753
2,1,FAST,149.707805
2,1,FAST,121.316815
2,1,FAST,101.944782
2,1,FAST,105.779580
2,1,FAST,100.962499
2,1,FAST,127.577197
2,1,FAST,112.724238
2,1,FAST,151.766149
2,1,FAST,172.962159
2,1,FAST,83.905784
2,1,FAST,165.408086
2,1,FAST,178.033956
2,1,FAST,110.391571
2,1,FAST,138.883561
2,1,FAST,166.442807
2,1,FAST,106.810704
2,1,FAST,159.487327
2,1,FAST,98.138192
2,1,FAST,155.244464
2,1,FAST,83.859837
2,1,FAST,179.119897
2,1,FAST,193.557955
2,1,FAST,162.894365
2,1,FAST,137.211617
2,1,FAST,112.146709
2,1,FAST,95.472622
2,1,FAST,83.922698
2,1,FAST,127.795560
2,1,FAST,101.723658
2,1,FAST,86.230475
2,1,FAST,131.820199
2,1,FAST,157.317361
2,1,FAST,83.974865
2,1,FAST,104.504345
2,1,FAST,99.963834
2,1,FAST,152.765197
2,1,FAST,194.821129
2,1,FAST,107.443399
2,1,FAST,83.838670
2,1,FAST,156.082048
2,1,FAST,139.316495
2,1,FAST,121.804154
2,1,FAST,174.061133
2,1,FAST,185.779085
2,1,FAST,106.630210
2,1,FAST,97.576460
2,1,FAST,131.939054
2,1,FAST,126.399067
2,1,FAST,99.482859
2,1,FAST,160.914839
2,1,FAST,124.018264
2,1,FAST,141.770282
2,1,FAST,190.180997
2,1,FAST,149.638843
2,1,FAST,131.240755
2,1,FAST,104.286375
2,1,FAST,128.943690
2,1,FAST,171.453431
2,1,FAST,91.158921
2,1,FAST,141.618970
2,1,FAST,123.579829
2,1,FAST,133.396315
2,1,FAST,110.049041
2,1,FAST,123.840770
2,1,FAST,134.257475
2,1,FAST,84.053275
2,1,FAST,168.523026
2,1,FAST,111.595775
2,1,FAST,95.028754
2,1,FAST,83.499486
2,1,FAST,168.387791
2,1,FAST,94.890296
2,1,FAST,170.813179
2,1,FAST,152.244047
2,1,FAST,125.765013
2,1,FAST,150.857571
2,1,FAST,83.588655
2,1,FAST,113.380070
2,1,FAST,85.803598
2,1,FAST,127.053520
2,1,FAST,179.945531
2,1,FAST,97.153552
2,1,FAST,100.834313
2,1,FAST,183.533910
2,1,FAST,141.898617
2,1,FAST,83.889634
2,1,FAST,170.537816
2,1,FAST,108.390062
2,1,FAST,131.546780
2,1,FAST,124.764130
2,1,FAST,157.436975
2,1,FAST,83.904482
2,1,FAST,125.018720
2,1,FAST,156.606518
2,1,FAST,101.614063
2,1,FAST,92.712678
2,1,FAST,149.860903
2,1,FAST,117.908917
2,1,FAST,175.247356
2,1,FAST,111.765813
2,1,FAST,83.712074
2,1,FAST,126.950857
2,1,FAST,104.797402
2,1,FAST,114.697709
2,1,FAST,156.929928
2,1,FAST,111.360155
2,1,FAST,161.674353
2,1,FAST,102.769176
2,1,FAST,186.926786
2,1,FAST,137.826228
2,1,FAST,131.245536
2,1,FAST,156.050474
2,1,FAST,83.952347
2,1,FAST,179.905100
2,1,FAST,91.605627
2,1,FAST,129.127274
2,1,FAST,191.947770
2,1,FAST,158.716679
2,1,FAST,101.083272
2,1,FAST,169.181706
2,1,FAST,149.930602
2,1,FAST,188.038365
2,1,FAST,129.033638
2,1,FAST,215.181757
2,1,FAST,83.754161
2,1,FAST,143.789515
2,1,FAST,158.200186
2,1,FAST,99.637957
2,1,FAST,140.363905
2,1,FAST,83.038595
2,1,FAST,169.626949
2,1,FAST,181.895188
2,1,FAST,95.905859
2,1,FAST,122.944685
2,1,FAST,185.728960
2,1,FAST,127.931838
2,1,FAST,149.713795
2,1,FAST,130.206755
2,1,FAST,83.501797
2,1,FAST,179.881594
2,1,FAST,186.022446
2,1,FAST,168.605042
2,1,FAST,108.032723
2,1,FAST,122.204833
2,1,FAST,146.735745
2,1,FAST,83.960996
2,1,FAST,169.140605
2,1,FAST,183.934851
2,1,FAST,148.391451
2,1,FAST,197.119561
2,1,FAST,127.203955
2,1,FAST,102.516003
2,1,FAST,192.926167
2,1,FAST,146.444363
2,1,FAST,170.354053
2,1,FAST,102.081604
2,1,FAST,132.080965
2,1,FAST,98.579954
2,1,FAST,185.795297
2,1,FAST,189.317392
2,1,FAST,110.576716
2,1,FAST,136.626135
2,1,FAST,83.690979
2,1,FAST,159.140322
2,1,FAST,193.019292
2,1,FAST,204.642151
2,1,FAST,166.779052
2,1,FAST,168.951955
2,1,FAST,83.710859
2,1,FAST,105.014132
2,1,FAST,86.348585
2,1,FAST,123.498319
2,1,FAST,149.170472
2,1,FAST,93.710465
2,1,FAST,141.958005
2,1,FAST,159.751017
2,1,FAST,149.140316
2,1,FAST,153.165559
2,1,FAST,111.783588
2,1,FAST,83.679874
2,1,FAST,137.256690
2,1,FAST,139.672154
2,1,FAST,103.759179
2,1,FAST,104.058524
2,1,FAST,149.771433
2,1,FAST,102.279451
2,1,FAST,129.902574
2,1,FAST,124.858419
2,1,FAST,131.612667
2,1,FAST,140.150531
2,1,FAST,126.972510
2,1,FAST,100.261085
2,1,FAST,143.116422
2,1,FAST,177.066383
2,1,FAST,98.575877
2,1,FAST,157.281179
2,1,FAST,190.928436
2,1,FAST,124.020956
2,1,FAST,212.176588
2,1,FAST,190.061946
2,1,FAST,168.117759
2,1,FAST,86.469086
2,1,FAST,146.356334
2,1,FAST,129.566204
2,1,FAST,103.384317
2,1,FAST,216.550278
2,1,FAST,93.091147
2,1,FAST,152.437992
2,1,FAST,156.896991
2,1,FAST,137.836831
2,1,FAST,107.501551
2,1,FAST,136.031204
2,1,FAST,114.447152
2,1,FAST,87.192793
2,1,FAST,93.222965
2,1,FAST,114.650402
2,1,FAST,141.234174
2,1,FAST,130.131424
2,1,FAST,148.634562
2,1,FAST,83.812296
2,1,FAST,99.547582
2,1,FAST,157.937097
2,1,FAST,114.103006
2,1,FAST,83.753594
2,1,FAST,141.724603
2,1,FAST,198.307517
2,1,FAST,120.913900
2,1,FAST,121.531114
2,1,FAST,91.148036
2,1,FAST,171.853408
2,1,FAST,153.864185
2,1,FAST,94.734523
2,1,FAST,181.610418
2,1,FAST,157.352646
2,1,FAST,190.877978
2,1,FAST,195.510237
2,1,FAST,124.564042
2,1,FAST,145.919221
2,1,FAST,135.015197
2,1,FAST,101.394655
2,1,FAST,161.432247
2,1,FAST,120.010772
2,1,FAST,83.821355
2,1,FAST,103.670059
2,1,FAST,191.130047
2,1,FAST,83.756926
2,1,FAST,184.485116
2,1,FAST,132.807895
2,1,FAST,110.903449
2,1,FAST,141.252504
2,1,FAST,122.469336
2,1,FAST,169.995731
2,1,FAST,144.529253
2,1,FAST,164.321642
2,1,FAST,149.979994
2,1,FAST,215.248377
2,1,FAST,128.418219
2,1,FAST,213.562034
2,1,FAST,98.705824
2,1,FAST,186.253545
2,1,FAST,89.620390
2,1,FAST,191.283801
2,1,FAST,83.902734
2,1,FAST,171.872230
2,1,FAST,118.803045
2,1,FAST,135.155277
2,1,FAST,102.768443
2,1,FAST,153.076121
2,1,FAST,113.798725
2,1,FAST,83.663836
2,1,FAST,95.154851
2,1,FAST,101.833034
2,1,FAST,146.228092
2,1,FAST,173.819457
2,1,FAST,85.937905
2,1,FAST,118.799249
2,1,FAST,137.004013
2,1,FAST,104.859203
2,1,FAST,160.029589
2,1,FAST,110.362692
2,1,FAST,89.097381
2,1,FAST,141.567739
2,1,FAST,159.389546
2,1,FAST,83.852622
2,1,FAST,108.452100
2,1,FAST,127.524530
2,1,FAST,146.102675
2,1,FAST,186.196541
2,1,FAST,86.556553
2,1,FAST,152.450971
2,1,FAST,180.029207
2,1,FAST,83.481023
2,1,FAST,198.442542
2,1,FAST,171.617723
2,1,FAST,154.641719
2,1,FAST,104.563681
2,1,FAST,136.689450
2,1,FAST,114.573703
3,1,FAST,129.730536
3,1,FAST,123.735389
3,1,FAST,138.505724
3,1,FAST,99.053724
3,1,FAST,175.681152
3,1,FAST,152.245662
3,1,FAST,124.472579
3,1,FAST,117.021169
3,1,FAST,88.488385
3,1,FAST,117.535680
3,1,FAST,135.484509
3,1,FAST,121.904503
3,1,FAST,133.870302
3,1,FAST,89.356721
3,1,FAST,121.114374
3,1,FAST,182.965948
3,1,FAST,161.607402
3,1,FAST,206.956023
3,1,FAST,115.457243
3,1,FAST,88.536958
3,1,FAST,175.137502
3,1,FAST,150.483353
3,1,FAST,147.557909
3,1,FAST,139.020874
3,1,FAST,106.873758
3,1,FAST,171.913004
3,1,FAST,99.942750
3,1,FAST,127.861792
3,1,FAST,156.256970
3,1,FAST,168.567920
3,1,FAST,109.686894
3,1,FAST,130.869643
3,1,FAST,88.572779
3,1,FAST,175.541003
3,1,FAST,148.897695
3,1,FAST,187.793065
3,1,FAST,179.303978
3,1,FAST,120.707336
3,1,FAST,156.411831
3,1,FAST,194.491849
3,1,FAST,149.372728
3,1,FAST,89.102264
3,1,FAST,219.088004
3,1,FAST,117.496017
3,1,FAST,170.231911
3,1,FAST,118.988694
3,1,FAST,157.659451
3,1,FAST,94.560244
3,1,FAST,200.782749
3,1,FAST,140.663345
3,1,FAST,176.450957
3,1,FAST,167.839640
3,1,FAST,120.342694
3,1,FAST,217.147309
3,1,FAST,204.252094
3,1,FAST,146.027354
3,1,FAST,174.909814
3,1,FAST,116.111574
3,1,FAST,131.654776
3,1,FAST,97.373450
3,1,FAST,200.915850
3,1,FAST,208.051107
3,1,FAST,88.838368
3,1,FAST,108.153346
3,1,FAST,170.819418
3,1,FAST,159.722967
3,1,FAST,200.411960
3,1,FAST,191.198687
3,1,FAST,133.031794
3,1,FAST,88.681172
3,1,FAST,104.171634
3,1,FAST,162.374597
3,1,FAST,96.255005
3,1,FAST,214.533340
3,1,FAST,192.806633
3,1,FAST,190.610219
3,1,FAST,147.856651
3,1,FAST,174.457733
3,1,FAST,103.902238
3,1,FAST,88.827363
3,1,FAST,177.278284
3,1,FAST,128.959581
3,1,FAST,89.090687
3,1,FAST,91.273057
3,1,FAST,121.466892
3,1,FAST,140.416655
3,1,FAST,145.938652
3,1,FAST,106.147601
3,1,FAST,169.539276
3,1,FAST,95.445481
3,1,FAST,152.902677
3,1,FAST,180.795952
3,1,FAST,126.662864
3,1,FAST,154.577583
3,1,FAST,112.553738
3,1,FAST,200.013407
3,1,FAST,89.083065
3,1,FAST,113.510518
3,1,FAST,164.051668
3,1,FAST,166.433384
3,1,FAST,176.028407
3,1,FAST,181.163725
3,1,FAST,119.322224
3,1,FAST,149.341725
3,1,FAST,113.485631
3,1,FAST,199.438855
3,1,FAST,123.092179
3,1,FAST,149.890414
3,1,FAST,172.241887
3,1,FAST,160.784693
3,1,FAST,89.117627
3,1,FAST,148.923325
3,1,FAST,168.365498
3,1,FAST,88.860962
3,1,FAST,169.307688
3,1,FAST,121.252104
3,1,FAST,103.671333
3,1,FAST,109.471248
3,1,FAST,101.958858
3,1,FAST,143.589205
3,1,FAST,165.331758
3,1,FAST,161.541303
3,1,FAST,139.418503
3,1,FAST,178.867468
3,1,FAST,96.254162
3,1,FAST,164.937860
3,1,FAST,88.683596
3,1,FAST,119.544266
3,1,FAST,129.961647
3,1,FAST,161.904837
3,1,FAST,88.165403
3,1,FAST,152.857992
3,1,FAST,165.858722
3,1,FAST,133.191350
3,1,FAST,95.830391
3,1,FAST,103.157205
3,1,FAST,199.816707
3,1,FAST,120.744287
3,1,FAST,114.715959
3,1,FAST,174.719813
3,1,FAST,129.850893
3,1,FAST,140.723902
3,1,FAST,168.546752
3,1,FAST,88.707453
3,1,FAST,105.843097
3,1,FAST,102.656224
3,1,FAST,118.977073
3,1,FAST,103.295227
3,1,FAST,153.585188
3,1,FAST,138.212750
3,1,FAST,161.528543
3,1,FAST,143.657052
3,1,FAST,225.447322
3,1,FAST,183.859323
3,1,FAST,144.282909
3,1,FAST,199.729340
3,1,FAST,111.765077
3,1,FAST,120.838899
3,1,FAST,161.869344
3,1,FAST,153.425716
3,1,FAST,168.491798
3,1,FAST,141.954970
3,1,FAST,158.632034
3,1,FAST,156.610153
3,1,FAST,198.449853
3,1,FAST,115.601335
3,1,FAST,89.253588
3,1,FAST,158.147235
3,1,FAST,133.019789
3,1,FAST,213.610115
3,1,FAST,89.466871
3,1,FAST,210.584667
3,1,FAST,124.847470
3,1,FAST,111.971342
3,1,FAST,185.573391
3,1,FAST,205.873259
3,1,FAST,139.881209
3,1,FAST,119.932966
3,1,FAST,153.225099
3,1,FAST,182.536419
3,1,FAST,156.263105
3,1,FAST,103.476456
3,1,FAST,89.291700
3,1,FAST,116.348092
3,1,FAST,211.539082
3,1,FAST,147.744804
3,1,FAST,188.094135
3,1,FAST,175.854011
3,1,FAST,137.737907
3,1,FAST,197.989837
3,1,FAST,128.069243
3,1,FAST,143.787305
3,1,FAST,153.510966
3,1,FAST,116.493558
3,1,FAST,90.333852
3,1,FAST,89.005269
3,1,FAST,98.452254
3,1,FAST,175.703694
3,1,FAST,205.917754
3,1,FAST,174.484818
3,1,FAST,103.172283
3,1,FAST,136.446772
3,1,FAST,192.438391
3,1,FAST,89.285800
3,1,FAST,152.474976
3,1,FAST,109.550282
3,1,FAST,135.577762
3,1,FAST,184.131692
3,1,FAST,106.707472
3,1,FAST,161.993624
3,1,FAST,116.765741
3,1,FAST,212.164581
3,1,FAST,121.608082
3,1,FAST,96.289220
3,1,FAST,194.361928
3,1,FAST,181.481291
3,1,FAST,144.877092
3,1,FAST,152.272299
3,1,FAST,134.753119
3,1,FAST,89.300097
3,1,FAST,105.492698
3,1,FAST,145.783598
3,1,FAST,129.146914
3,1,FAST,134.739217
3,1,FAST,172.516802
3,1,FAST,105.790961
3,1,FAST,176.058848
3,1,FAST,124.149236
3,1,FAST,162.574196
3,1,FAST,113.577084
3,1,FAST,170.511353
3,1,FAST,183.682212
3,1,FAST,173.981362
3,1,FAST,135.716328
3,1,FAST,129.891135
3,1,FAST,89.295884
3,1,FAST,169.924186
3,1,FAST,89.204787
3,1,FAST,104.695642
3,1,FAST,179.893132
3,1,FAST,164.335302
3,1,FAST,159.837868
3,1,FAST,102.680922
3,1,FAST,132.098370
3,1,FAST,150.765459
3,1,FAST,118.782032
3,1,FAST,89.344095
3,1,FAST,164.679166
3,1,FAST,131.908588
3,1,FAST,138.101040
3,1,FAST,105.417083
3,1,FAST,91.839420
3,1,FAST,146.114498
3,1,FAST,169.421617
3,1,FAST,108.444464
3,1,FAST,166.016002
3,1,FAST,89.297350
3,1,FAST,126.453559
3,1,FAST,161.515191
3,1,FAST,115.759212
3,1,FAST,186.903375
3,1,FAST,101.769195
3,1,FAST,131.416604
3,1,FAST,114.049242
3,1,FAST,192.551848
3,1,FAST,89.457501
3,1,FAST,134.942176
3,1,FAST,158.052712
3,1,FAST,193.600765
3,1,FAST,178.108336
3,1,FAST,100.887687
3,1,FAST,151.047401
3,1,FAST,129.507691
3,1,FAST,200.797986
3,1,FAST,116.760707
3,1,FAST,88.977511
3,1,FAST,89.703596
3,1,FAST,144.984101
3,1,FAST,115.118126
3,1,FAST,167.489257
3,1,FAST,163.324859
3,1,FAST,179.795394
3,1,FAST,162.843679
3,1,FAST,200.438043
3,1,FAST,154.076889
3,1,FAST,114.261208
3,1,FAST,102.434955
3,1,FAST,177.098201
3,1,FAST,99.579843
3,1,FAST,131.031461
3,1,FAST,152.026075
3,1,FAST,159.266338
3,1,FAST,138.600926
3,1,FAST,121.886429
3,1,FAST,88.882548
3,1,FAST,101.709700
3,1,FAST,98.404754
3,1,FAST,182.553984
3,1,FAST,113.725242
3,1,FAST,199.264746
3,1,FAST,143.636122
3,1,FAST,172.285295
3,1,FAST,163.216726
3,1,FAST,117.032644
3,1,FAST,135.143423
3,1,FAST,153.599045
3,1,FAST,176.699458
3,1,FAST,102.510144
3,1,FAST,140.906303
3,1,FAST,161.010570
3,1,FAST,128.835376
3,1,FAST,152.154377
3,1,FAST,165.579471
3,1,FAST,97.099527
3,1,FAST,126.268545
3,1,FAST,98.141256
3,1,FAST,164.784641
3,1,FAST,146.688756
3,1,FAST,162.459382
3,1,FAST,197.298348
3,1,FAST,109.689396
3,1,FAST,189.204643
3,1,FAST,107.171611
3,1,FAST,121.742088
3,1,FAST,142.516577
3,1,FAST,88.991627
3,1,FAST,140.111000
3,1,FAST,133.515620
3,1,FAST,165.676278
3,1,FAST,105.681135
3,1,FAST,178.958389
3,1,FAST,146.010046
3,1,FAST,88.791712
3,1,FAST,170.364823
3,1,FAST,93.382640
3,1,FAST,175.364841
3,1,FAST,173.932747
3,1,FAST,138.808884
3,1,FAST,114.336916
3,1,FAST,141.211939
3,1,FAST,146.649885
3,1,FAST,121.973239
3,1,FAST,215.905544
3,1,FAST,89.354372
3,1,FAST,182.598397
3,1,FAST,159.063754
3,1,FAST,117.285866
3,1,FAST,214.825635
3,1,FAST,193.624877
3,1,FAST,134.213925
3,1,FAST,147.101928
3,1,FAST,109.821383
3,1,FAST,125.968528
3,1,FAST,188.773234
3,1,FAST,140.084958
3,1,FAST,139.125320
3,1,FAST,161.763358
3,1,FAST,88.792872
3,1,FAST,90.943927
3,1,FAST,98.088330
3,1,FAST,124.990752
3,1,FAST,149.071726
3,1,FAST,133.788551
3,1,FAST,114.873664
3,1,FAST,167.370250
3,1,FAST,131.575899
3,1,FAST,140.624648
3,1,FAST,156.372147
3,1,FAST,171.803889
3,1,FAST,104.476798
3,1,FAST,143.055159
3,1,FAST,121.448639
3,1,FAST,110.375532
3,1,FAST,88.561648
3,1,FAST,101.683761
3,1,FAST,155.779066
3,1,FAST,89.495835
3,1,FAST,163.475955
3,1,FAST,165.270026
3,1,FAST,93.075935
3,1,FAST,126.359261
3,1,FAST,146.893903
3,1,FAST,195.974535
3,1,FAST,120.608210
3,1,FAST,169.220102
3,1,FAST,141.896750
3,1,FAST,88.902226
3,1,FAST,202.144868
3,1,FAST,112.815886
3,1,FAST,180.727612
3,1,FAST,88.882129
3,1,FAST,110.791245
3,1,FAST,170.654249
3,1,FAST,147.842217
3,1,FAST,163.219119
3,1,FAST,173.884909
3,1,FAST,134.982102
3,1,FAST,111.428676
3,1,FAST,112.256081
3,1,FAST,183.394987
3,1,FAST,149.576051
3,1,FAST,207.135471
3,1,FAST,154.940913
3,1,FAST,149.312751
3,1,FAST,127.823470
3,1,FAST,179.384212
3,1,FAST,89.177042
3,1,FAST,205.316279
3,1,FAST,145.611998
3,1,FAST,99.952027
3,1,FAST,159.267804
3,1,FAST,119.034320
3,1,FAST,152.011691
3,1,FAST,157.194060
3,1,FAST,108.961791
3,1,FAST,91.390919
3,1,FAST,89.026140
3,1,FAST,116.312329
3,1,FAST,125.812492
3,1,FAST,134.855830
3,1,FAST,177.343329
3,1,FAST,169.605634
3,1,FAST,179.950474
3,1,FAST,126.547001
3,1,FAST,111.579492
3,1,FAST,119.468810
3,1,FAST,88.946791
3,1,FAST,149.520956
3,1,FAST,137.651083
3,1,FAST,181.371022
3,1,FAST,113.332883
3,1,FAST,129.549705
3,1,FAST,99.907689
3,1,FAST,91.761450
3,1,FAST,211.513880
3,1,FAST,154.925331
3,1,FAST,158.938346
3,1,FAST,117.743575
3,1,FAST,214.152492
3,1,FAST,89.016703
3,1,FAST,131.305448
3,1,FAST,185.883851
3,1,FAST,95.521889
3,1,FAST,187.277279
3,1,FAST,109.312388
3,1,FAST,125.747993
3,1,FAST,147.220682
3,1,FAST,162.980313
3,1,FAST,202.087697
3,1,FAST,143.587369
3,1,FAST,116.879109
3,1,FAST,161.807387
3,1,FAST,204.021695
3,1,FAST,186.273156
3,1,FAST,168.813491
3,1,FAST,89.200067
3,1,FAST,96.290285
3,1,FAST,148.001557
3,1,FAST,166.287138
3,1,FAST,119.206063
3,1,FAST,112.736431
3,1,FAST,89.220561
3,1,FAST,146.011960
3,1,FAST,113.983830
3,1,FAST,193.472249
3,1,FAST,194.828055
3,1,FAST,149.427519
3,1,FAST,173.216718
3,1,FAST,88.571374
3,1,FAST,133.316211
3,1,FAST,108.858407
3,1,FAST,178.887397
3,1,FAST,99.914613
3,1,FAST,180.285518
3,1,FAST,197.139023
3,1,FAST,117.745472
3,1,FAST,102.561241
3,1,FAST,95.688260
3,1,FAST,88.761202
3,1,FAST,137.971167
3,1,FAST,163.009979
3,1,FAST,181.991397
3,1,FAST,105.415269
3,1,FAST,148.173149
3,1,FAST,158.582436
3,1,FAST,205.666821
3,1,FAST,118.278921
3,1,FAST,147.747336
3,1,FAST,123.304126
3,1,FAST,101.384164
3,1,FAST,93.789598
3,1,FAST,179.511327
3,1,FAST,167.905065
3,1,FAST,138.798793
3,1,FAST,156.142774
3,1,FAST,179.753357
3,1,FAST,89.235623
3,1,FAST,182.111162
3,1,FAST,213.807126
3,1,FAST,189.560746
3,1,FAST,134.527081
3,1,FAST,107.625435
3,1,FAST,158.770657
3,1,FAST,159.143141
3,1,FAST,131.064114
3,1,FAST,117.140536
3,1,FAST,134.277689
3,1,FAST,160.569005
3,1,FAST,142.973358
3,1,FAST,89.391275
3,1,FAST,128.933383
3,1,FAST,146.116747
3,1,FAST,128.303187
3,1,FAST,166.291587
3,1,FAST,136.722130
3,1,FAST,116.774470
3,1,FAST,164.039493
3,1,FAST,89.302062
3,1,FAST,179.516460
3,1,FAST,173.858213
3,1,FAST,96.907163
3,1,FAST,149.717717
3,1,FAST,188.086953
3,1,FAST,123.594002
3,1,FAST,166.099977
3,1,FAST,148.458502
3,1,FAST,89.326237
3,1,FAST,128.888735
3,1,FAST,89.080659
3,1,FAST,163.977637
3,1,FAST,148.511296
3,1,FAST,126.639163
3,1,FAST,105.106624
3,1,FAST,206.435627
3,1,FAST,173.903737
3,1,FAST,188.661858
3,1,FAST,189.916378
3,1,FAST,165.572051
3,1,FAST,158.474136
3,1,FAST,128.793639
3,1,FAST,190.460583
3,1,FAST,137.446502
3,1,FAST,89.175232
3,1,FAST,107.090788
3,1,FAST,200.497148
3,1,FAST,173.590251
3,1,FAST,209.356847
3,1,FAST,89.307531
3,1,FAST,131.362551
3,1,FAST,94.312935
3,1,FAST,145.650020
3,1,FAST,103.261342
3,1,FAST,158.790424
3,1,FAST,165.254225
3,1,FAST,95.198169
3,1,FAST,135.183235
3,1,FAST,104.095191
3,1,FAST,120.362084
3,1,FAST,110.176152
3,1,FAST,155.809719
3,1,FAST,114.547854
3,1,FAST,175.965591
3,1,FAST,124.563008
3,1,FAST,181.584075
3,1,FAST,132.186309
3,1,FAST,89.075533
3,1,FAST,139.121862
3,1,FAST,166.946613
3,1,FAST,100.169530
3,1,FAST,158.996828
3,1,FAST,183.457593
3,1,FAST,110.859264
3,1,FAST,98.214694
3,1,FAST,139.192686
3,1,FAST,89.398433
3,1,FAST,202.796490
3,1,FAST,149.467627
3,1,FAST,114.588444
3,1,FAST,88.963909
3,1,FAST,130.696585
3,1,FAST,195.471376
3,1,FAST,135.668878
3,1,FAST,92.716826
3,1,FAST,174.964088
3,1,FAST,89.425933
3,1,FAST,174.745114
3,1,FAST,152.688168
3,1,FAST,91.464071
3,1,FAST,130.628906
3,1,FAST,125.539117
3,1,FAST,143.070634
3,1,FAST,119.347363
3,1,FAST,148.414152
3,1,FAST,89.376148
3,1,FAST,148.589068
3,1,FAST,197.246822
3,1,FAST,204.390391
3,1,FAST,119.214938
3,1,FAST,169.329664
3,1,FAST,171.257800
3,1,FAST,169.751877
3,1,FAST,123.330251
3,1,FAST,183.791509
3,1,FAST,89.151800
3,1,FAST,174.570415
3,1,FAST,98.292683
3,1,FAST,143.995720
3,1,FAST,130.528707
3,1,FAST,110.017025
3,1,FAST,137.549881
3,1,FAST,149.276964
3,1,FAST,211.081233
3,1,FAST,99.567032
3,1,FAST,186.051434
3,1,FAST,172.766211
3,1,FAST,198.639583
3,1,FAST,105.240536
3,1,FAST,148.316082
3,1,FAST,174.133327
3,1,FAST,222.698844
3,1,FAST,172.638254
3,1,FAST,131.337897
3,1,FAST,156.775342
3,1,FAST,155.886053
3,1,FAST,88.753104
3,1,FAST,194.634881
3,1,FAST,96.685341
3,1,FAST,173.621831
3,1,FAST,130.800548
3,1,FAST,104.960992
3,1,FAST,181.910802
3,1,FAST,130.895641
3,1,FAST,162.549732
3,1,FAST,89.068673
3,1,FAST,124.367523
3,1,FAST,156.954341
3,1,FAST,116.870735
3,1,FAST,185.455975
3,1,FAST,159.525708
3,1,FAST,170.473425
3,1,FAST,88.915589
3,1,FAST,170.203470
3,1,FAST,133.363570
3,1,FAST,158.856509
3,1,FAST,103.286032
3,1,FAST,122.124541
3,1,FAST,192.025047
3,1,FAST,216.881127
3,1,FAST,162.907103
3,1,FAST,120.979209
3,1,FAST,109.001960
3,1,FAST,138.160143
3,1,FAST,117.473058
3,1,FAST,89.185992
3,1,FAST,131.248161
3,1,FAST,174.647258
3,1,FAST,176.350033
3,1,FAST,116.605904
3,1,FAST,155.879845
3,1,FAST,107.163895
3,1,FAST,95.621290
3,1,FAST,127.094691
3,1,FAST,166.760747
3,1,FAST,112.565706
3,1,FAST,193.721476
3,1,FAST,152.426046
3,1,FAST,105.876201
3,1,FAST,88.573475
3,1,FAST,169.234533
3,1,FAST,122.791581
3,1,FAST,127.486394
3,1,FAST,140.060170
3,1,FAST,200.087755
3,1,FAST,111.291123
3,1,FAST,185.018451
3,1,FAST,157.700728
3,1,FAST,171.631912
3,1,FAST,88.984677
3,1,FAST,126.125240
3,1,FAST,111.380455
3,1,FAST,183.957992
3,1,FAST,99.223161
3,1,FAST,201.764938
3,1,FAST,153.558634
3,1,FAST,133.234604
3,1,FAST,190.584166
3,1,FAST,223.066865
3,1,FAST,153.332440
3,1,FAST,197.950994
3,1,FAST,104.276415
3,1,FAST,161.362748
3,1,FAST,193.872235
3,1,FAST,143.414073
3,1,FAST,89.199609
3,1,FAST,101.465771
3,1,FAST,204.905958
3,1,FAST,173.246800
3,1,FAST,195.928671
3,1,FAST,122.385541
3,1,FAST,147.024946
3,1,FAST,128.011367
3,1,FAST,101.506894
3,1,FAST,144.796470
3,1,FAST,101.276204
3,1,FAST,165.229968
3,1,FAST,89.354184
3,1,FAST,157.389547
3,1,FAST,163.833720
3,1,FAST,181.900052
3,1,FAST,159.319940
3,1,FAST,147.588344
3,1,FAST,184.010973
3,1,FAST,118.649940
3,1,FAST,91.506027
3,1,FAST,88.690211
3,1,FAST,151.605392
3,1,FAST,97.872844
3,1,FAST,176.706762
3,1,FAST,122.117412
3,1,FAST,183.510594
3,1,FAST,198.372625
3,1,FAST,178.414148
3,1,FAST,88.759217
3,1,FAST,182.809134
3,1,FAST,199.832965
3,1,FAST,156.369911
3,1,FAST,135.287563
3,1,FAST,169.532546
3,1,FAST,109.089106
3,1,FAST,129.340389
3,1,FAST,164.525407
3,1,FAST,121.734614
3,1,FAST,219.803539
3,1,FAST,135.163858
3,1,FAST,176.466815
3,1,FAST,197.326658
3,1,FAST,95.857531
3,1,FAST,152.688195
3,1,FAST,93.544689
3,1,FAST,135.580907
3,1,FAST,143.032329
3,1,FAST,175.084294
3,1,FAST,124.888957
3,1,FAST,157.645261
3,1,FAST,108.496527
3,1,FAST,115.409224
3,1,FAST,194.648108
3,1,FAST,158.661773
3,1,FAST,125.611792
3,1,FAST,130.739526
3,1,FAST,175.331321
3,1,FAST,132.578526
3,1,FAST,89.528493
3,1,FAST,125.497362
3,1,FAST,199.825307
3,1,FAST,140.442154
3,1,FAST,186.496624
3,1,FAST,132.586295
3,1,FAST,157.775401
3,1,FAST,100.196920
3,1,FAST,159.603353
3,1,FAST,123.292126
3,1,FAST,144.108689
3,1,FAST,151.590325
3,1,FAST,94.115938
3,1,FAST,178.426180
3,1,FAST,89.053453
3,1,FAST,142.590793
3,1,FAST,146.962090
3,1,FAST,189.353238
3,1,FAST,107.874892
3,1,FAST,170.443828
3,1,FAST,137.169531
3,1,FAST,185.458743
3,1,FAST,145.275413
3,1,FAST,88.970135
3,1,FAST,160.884221
3,1,FAST,107.940895
3,1,FAST,160.682508
3,1,FAST,168.258389
3,1,FAST,104.859892
3,1,FAST,137.264697
3,1,FAST,120.343014
3,1,FAST,119.576840
3,1,FAST,156.548470
3,1,FAST,128.479729
3,1,FAST,113.866228
3,1,FAST,191.867805
3,1,FAST,200.851498
3,1,FAST,163.088871
3,1,FAST,118.361108
3,1,FAST,88.987715
3,1,FAST,105.742030
3,1,FAST,153.255465
3,1,FAST,136.962895
3,1,FAST,88.835875
3,1,FAST,134.027934
3,1,FAST,130.045042
3,1,FAST,172.843203
3,1,FAST,89.195750
3,1,FAST,211.468740
3,1,FAST,111.771711
3,1,FAST,190.846145
3,1,FAST,88.752742
3,1,FAST,140.989367
3,1,FAST,166.912952
3,1,FAST,105.817651
3,1,FAST,168.323482
3,1,FAST,95.329868
3,1,FAST,89.162049
3,1,FAST,213.359043
3,1,FAST,123.917239
3,1,FAST,185.233336
3,1,FAST,145.669286
3,1,FAST,93.371382
3,1,FAST,89.133271
3,1,FAST,158.933912
3,1,FAST,155.989434
3,1,FAST,139.257967
3,1,FAST,159.565827
3,1,FAST,125.875063
3,1,FAST,112.853070
3,1,FAST,175.025697
3,1,FAST,89.341716
3,1,FAST,135.884293
3,1,FAST,110.608617
3,1,FAST,176.735323
3,1,FAST,192.721759
3,1,FAST,187.033144
3,1,FAST,184.664246
3,1,FAST,152.269176
3,1,FAST,112.346730
3,1,FAST,148.215308
3,1,FAST,128.487459
3,1,FAST,188.053355
3,1,FAST,88.785601
3,1,FAST,158.476972
3,1,FAST,149.560477
3,1,FAST,169.986570
3,1,FAST,143.397168
3,1,FAST,111.433883
3,1,FAST,201.334563
3,1,FAST,119.537789
3,1,FAST,214.427236
3,1,FAST,171.241973
3,1,FAST,143.833244
3,1,FAST,210.093636
3,1,FAST,117.278536
3,1,FAST,163.154799
3,1,FAST,170.376120
3,1,FAST,110.067384
3,1,FAST,89.099234
3,1,FAST,190.168800
3,1,FAST,163.334771
3,1,FAST,128.956705
3,1,FAST,127.843838
3,1,FAST,140.093711
3,1,FAST,158.833951
3,1,FAST,148.071182
3,1,FAST,92.305066
3,1,FAST,115.063294
3,1,FAST,200.250917
3,1,FAST,112.103977
3,1,FAST,125.733438
3,1,FAST,219.624306
3,1,FAST,146.751782
3,1,FAST,88.875497
3,1,FAST,200.623022
3,1,FAST,172.051842
3,1,FAST,144.340409
3,1,FAST,123.345136
3,1,FAST,165.296722
3,1,FAST,124.882389
3,1,FAST,156.646718
3,1,FAST,177.424291
3,1,FAST,88.797452
3,1,FAST,95.808770
3,1,FAST,126.701119
3,1,FAST,186.137688
3,1,FAST,156.430702
3,1,FAST,205.863316
3,1,FAST,132.170392
3,1,FAST,124.691866
3,1,FAST,99.121190
3,1,FAST,148.899761
3,1,FAST,195.411850
3,1,FAST,135.040961
3,1,FAST,174.965555
3,1,FAST,105.418953
3,1,FAST,142.414892
3,1,FAST,212.602157
3,1,FAST,179.508100
3,1,FAST,199.225769
3,1,FAST,150.225967
3,1,FAST,149.770188
3,1,FAST,139.812793
3,1,FAST,181.594068
3,1,FAST,117.476742
3,1,FAST,88.589436
3,1,FAST,178.354058
3,1,FAST,118.239533
3,1,FAST,114.675914
3,1,FAST,165.554766
3,1,FAST,146.633017
3,1,FAST,92.679589
3,1,FAST,88.842635
3,1,FAST,162.628151
3,1,FAST,88.831250
3,1,FAST,106.706451
3,1,FAST,199.420200
3,1,FAST,200.033582
3,1,FAST,118.928226
3,1,FAST,158.355400
3,1,FAST,186.700717
3,1,FAST,143.851853
3,1,FAST,99.591338
3,1,FAST,96.266623
3,1,FAST,173.996146
3,1,FAST,101.148241
3,1,FAST,171.561965
3,1,FAST,165.820557
3,1,FAST,113.955725
3,1,FAST,138.916069
3,1,FAST,159.341227
3,1,FAST,183.025840
3,1,FAST,137.540205
3,1,FAST,88.895383
3,1,FAST,123.751931
3,1,FAST,210.055637
3,1,FAST,127.983820
3,1,FAST,95.292033
3,1,FAST,175.014178
3,1,FAST,115.252237
3,1,FAST,88.593235
3,1,FAST,140.999448
3,1,FAST,189.158351
3,1,FAST,164.087855
3,1,FAST,154.950502
3,1,FAST,148.547013
3,1,FAST,154.182429
3,1,FAST,133.379802
3,1,FAST,169.191549
3,1,FAST,116.069629
3,1,FAST,102.265561
3,1,FAST,92.389173
3,1,FAST,90.792781
3,1,FAST,116.862195
3,1,FAST,116.293505
3,1,FAST,131.507904
3,1,FAST,147.848092
3,1,FAST,187.691134
3,1,FAST,167.066058
3,1,FAST,88.989743
3,1,FAST,180.566665
3,1,FAST,134.532154
3,1,FAST,147.596521
3,1,FAST,137.404603
3,1,FAST,88.974108
3,1,FAST,117.288052
3,1,FAST,154.823452
3,1,FAST,204.162070
3,1,FAST,184.921843
3,1,FAST,136.792627
3,1,FAST,156.016910
3,1,FAST,177.897273
3,1,FAST,188.897939
3,1,FAST,116.904644
3,1,FAST,90.524687
3,1,FAST,108.691093
3,1,FAST,88.935788
3,1,FAST,197.269717
3,1,FAST,136.497672
3,1,FAST,88.590734
3,1,FAST,92.594073
3,1,FAST,168.378271
3,1,FAST,151.349658
3,1,FAST,115.675694
3,1,FAST,90.754933
3,1,FAST,164.681839
3,1,FAST,120.972024
3,1,FAST,135.969038
3,1,FAST,109.559358
3,1,FAST,190.992918
3,1,FAST,164.448634
3,1,FAST,88.880884
3,1,FAST,95.751976
3,1,FAST,145.075154
3,1,FAST,97.083578
3,1,FAST,205.030797
3,1,FAST,156.476601
3,1,FAST,178.099546
3,1,FAST,126.791601
3,1,FAST,106.166961
3,1,FAST,132.615862
3,1,FAST,209.310963
3,1,FAST,105.817354
3,1,FAST,146.320754
3,1,FAST,176.407558
3,1,FAST,154.679280
3,1,FAST,180.443866
4,1,FAST,312.748908
4,1,FAST,266.597466
4,1,FAST,283.419460
4,1,FAST,509.870283
4,1,FAST,435.659711
4,1,FAST,479.211605
4,1,FAST,497.959021
4,1,FAST,456.443325
4,1,FAST,484.879856
4,1,FAST,412.814575
4,1,FAST,450.410618
4,1,FAST,609.908863
4,1,FAST,483.308941
4,1,FAST,515.351295
4,1,FAST,655.027327
4,1,FAST,508.489067
4,1,FAST,637.763466
4,1,FAST,626.470650
4,1,FAST,651.638176
4,1,FAST,456.271595
4,1,FAST,501.337254
4,1,FAST,480.301757
4,1,FAST,454.068805
4,1,FAST,401.672024
4,1,FAST,416.331371
4,1,FAST,436.383828
4,1,FAST,385.513710
4,1,FAST,518.977763
4,1,FAST,450.513739
4,1,FAST,473.216845
4,1,FAST,509.646415
4,1,FAST,445.820025
4,1,FAST,464.556696
4,1,FAST,496.834301
4,1,FAST,420.713692
4,1,FAST,374.742525
4,1,FAST,504.019375
4,1,FAST,422.936159
4,1,FAST,393.681026
4,1,FAST,455.287804
4,1,FAST,369.097808
4,1,FAST,484.982814
4,1,FAST,427.020610
4,1,FAST,423.991997
4,1,FAST,409.666498
4,1,FAST,503.074830
4,1,FAST,508.588461
4,1,FAST,484.414583
4,1,FAST,379.882554
4,1,FAST,477.523467
4,1,FAST,452.921972
4,1,FAST,513.647955
4,1,FAST,479.757679
4,1,FAST,522.334296
4,1,FAST,445.868023
4,1,FAST,496.981560
4,1,FAST,413.680368
4,1,FAST,449.709464
4,1,FAST,429.887512
4,1,FAST,473.204720
4,1,FAST,398.649258
4,1,FAST,497.301587
4,1,FAST,443.827071
4,1,FAST,400.724667
4,1,FAST,503.057971
4,1,FAST,390.607780
4,1,FAST,424.564171
4,1,FAST,495.366626
4,1,FAST,448.982005
4,1,FAST,523.188270
4,1,FAST,427.728641
4,1,FAST,511.257535
4,1,FAST,450.712004
4,1,FAST,423.108947
4,1,FAST,468.412911
4,1,FAST,453.013925
4,1,FAST,478.407296
4,1,FAST,501.780312
4,1,FAST,456.285234
4,1,FAST,436.492255
4,1,FAST,494.821482
4,1,FAST,507.908079
4,1,FAST,522.775207
4,1,FAST,483.203178
4,1,FAST,457.363430
4,1,FAST,441.859444
4,1,FAST,513.879590
4,1,FAST,517.035648
4,1,FAST,519.140486
4,1,FAST,498.966149
4,1,FAST,511.133019
4,1,FAST,519.449691
4,1,FAST,478.387211
4,1,FAST,394.803589
4,1,FAST,432.013759
4,1,FAST,496.032169
4,1,FAST,422.200350
4,1,FAST,397.995125
4,1,FAST,452.818649
4,1,FAST,480.365458
4,1,FAST,483.654447
4,1,FAST,394.542660
4,1,FAST,411.019766
4,1,FAST,392.853756
4,1,FAST,500.591203
4,1,FAST,458.080074
4,1,FAST,432.931726
4,1,FAST,503.329132
4,1,FAST,474.285973
4,1,FAST,496.545722
4,1,FAST,433.747938
4,1,FAST,432.514674
4,1,FAST,462.577148
4,1,FAST,458.882142
4,1,FAST,466.007688
4,1,FAST,436.834657
4,1,FAST,465.547768
4,1,FAST,414.856114
4,1,FAST,507.703800
4,1,FAST,418.574200
4,1,FAST,489.716260
4,1,FAST,439.549758
4,1,FAST,486.095931
4,1,FAST,433.961933
4,1,FAST,458.631858
4,1,FAST,433.597702
4,1,FAST,501.038298
4,1,FAST,488.758730
4,1,FAST,519.723252
4,1,FAST,510.233876
4,1,FAST,422.753131
4,1,FAST,467.454254
4,1,FAST,484.715970
4,1,FAST,494.968496
4,1,FAST,394.891875
4,1,FAST,512.409922
4,1,FAST,419.333092
4,1,FAST,439.446806
4,1,FAST,385.804568
4,1,FAST,492.372887
4,1,FAST,468.611533
4,1,FAST,456.128561
4,1,FAST,403.884373
4,1,FAST,467.906319
4,1,FAST,444.852885
4,1,FAST,503.184057
4,1,FAST,422.995088
4,1,FAST,479.910085
4,1,FAST,397.795466
4,1,FAST,431.746764
4,1,FAST,407.935252
4,1,FAST,511.682026
4,1,FAST,439.239059
4,1,FAST,461.105798
4,1,FAST,498.370308
4,1,FAST,464.265277
4,1,FAST,512.121397
4,1,FAST,525.984910
4,1,FAST,448.254613
4,1,FAST,487.154371
4,1,FAST,505.463773
4,1,FAST,425.004417
4,1,FAST,462.141977
4,1,FAST,510.915948
4,1,FAST,455.241770
4,1,FAST,440.281537
4,1,FAST,466.406208
4,1,FAST,491.691258
4,1,FAST,396.238009
4,1,FAST,419.912689
4,1,FAST,426.579169
4,1,FAST,376.041457
4,1,FAST,509.971373
4,1,FAST,463.947166
4,1,FAST,389.077047
4,1,FAST,490.002858
4,1,FAST,353.363407
4,1,FAST,409.885078
4,1,FAST,436.436261
4,1,FAST,461.574236
4,1,FAST,400.274254
4,1,FAST,440.085558
4,1,FAST,519.663897
4,1,FAST,489.239574
4,1,FAST,500.901639
4,1,FAST,424.614285
4,1,FAST,383.210404
4,1,FAST,521.822765
4,1,FAST,480.601428
4,1,FAST,426.234761
4,1,FAST,496.491922
4,1,FAST,440.254148
4,1,FAST,471.122467
4,1,FAST,487.461693
4,1,FAST,445.024751
4,1,FAST,496.069871
4,1,FAST,489.102561
4,1,FAST,381.520474
4,1,FAST,507.449010
4,1,FAST,508.783584
4,1,FAST,434.636126
4,1,FAST,408.393907
4,1,FAST,463.612702
4,1,FAST,453.275476
4,1,FAST,471.949774
4,1,FAST,486.253974
4,1,FAST,439.430951
4,1,FAST,511.638901
4,1,FAST,463.230621
4,1,FAST,416.691814
4,1,FAST,409.970260
4,1,FAST,376.589286
4,1,FAST,452.096466
4,1,FAST,449.045051
4,1,FAST,475.640379
4,1,FAST,498.362009
4,1,FAST,450.619212
4,1,FAST,401.501366
4,1,FAST,420.329033
4,1,FAST,516.234973
4,1,FAST,474.541404
4,1,FAST,416.211051
4,1,FAST,409.705478
4,1,FAST,504.551738
4,1,FAST,438.798140
4,1,FAST,382.377472
4,1,FAST,455.065446
4,1,FAST,465.128509
4,1,FAST,524.583333
4,1,FAST,501.585615
4,1,FAST,472.390202
4,1,FAST,438.651582
4,1,FAST,516.453777
4,1,FAST,438.371353
4,1,FAST,414.666806
4,1,FAST,454.921330
4,1,FAST,508.088229
4,1,FAST,420.001294
4,1,FAST,494.659470
4,1,FAST,476.285741
4,1,FAST,494.160679
4,1,FAST,393.715608
4,1,FAST,427.346228
4,1,FAST,501.691105
4,1,FAST,404.066956
4,1,FAST,496.873272
4,1,FAST,472.553223
4,1,FAST,400.462939
4,1,FAST,387.260308
4,1,FAST,433.319890
4,1,FAST,442.434160
4,1,FAST,388.558435
4,1,FAST,476.492886
4,1,FAST,507.030521
4,1,FAST,504.905508
4,1,FAST,447.171341
4,1,FAST,395.441570
4,1,FAST,420.910124
4,1,FAST,431.829105
4,1,FAST,520.171124
4,1,FAST,482.011319
4,1,FAST,467.477834
4,1,FAST,412.491550
4,1,FAST,436.003740
4,1,FAST,500.244589
4,1,FAST,505.698278
4,1,FAST,450.368685
4,1,FAST,436.234000
4,1,FAST,441.314353
4,1,FAST,498.955269
4,1,FAST,465.665066
4,1,FAST,480.707188
4,1,FAST,419.095067
4,1,FAST,436.899324
4,1,FAST,411.107226
4,1,FAST,464.515455
4,1,FAST,419.231135
4,1,FAST,364.166146
4,1,FAST,475.443017
4,1,FAST,431.288429
4,1,FAST,393.451260
4,1,FAST,501.271845
4,1,FAST,460.117250
4,1,FAST,509.637568
4,1,FAST,473.930684
4,1,FAST,409.097457
4,1,FAST,430.538810
4,1,FAST,480.531310
4,1,FAST,407.110251
4,1,FAST,406.308200
4,1,FAST,453.876363
4,1,FAST,480.828024
4,1,FAST,528.349773
4,1,FAST,513.371577
4,1,FAST,504.940304
4,1,FAST,478.360564
4,1,FAST,481.102494
4,1,FAST,450.022862
4,1,FAST,470.051447
4,1,FAST,506.962013
4,1,FAST,380.329039
4,1,FAST,375.298944
4,1,FAST,473.149223
4,1,FAST,421.953532
4,1,FAST,479.971370
4,1,FAST,442.880918
4,1,FAST,392.228101
4,1,FAST,505.385743
4,1,FAST,424.255823
4,1,FAST,462.764999
4,1,FAST,490.016896
4,1,FAST,446.575583
4,1,FAST,407.571078
4,1,FAST,416.350500
4,1,FAST,397.231244
4,1,FAST,476.102940
4,1,FAST,467.311513
4,1,FAST,458.053717
4,1,FAST,459.900308
4,1,FAST,494.363667
4,1,FAST,489.673679
4,1,FAST,434.338169
4,1,FAST,512.162959
4,1,FAST,508.025813
4,1,FAST,381.647038
4,1,FAST,456.456588
4,1,FAST,382.995697
4,1,FAST,478.908721
4,1,FAST,416.173652
4,1,FAST,412.168666
4,1,FAST,444.378356
4,1,FAST,517.076529
4,1,FAST,499.072374
4,1,FAST,473.987519
4,1,FAST,414.786805
4,1,FAST,444.093384
4,1,FAST,501.659478
4,1,FAST,441.835692
4,1,FAST,397.945338
4,1,FAST,524.711458
4,1,FAST,399.338197
4,1,FAST,489.315801
4,1,FAST,440.034457
4,1,FAST,460.767727
4,1,FAST,424.680642
4,1,FAST,518.474660
4,1,FAST,424.985422
4,1,FAST,438.127165
4,1,FAST,505.568959
4,1,FAST,462.250128
4,1,FAST,522.115569
4,1,FAST,481.972771
4,1,FAST,385.482107
4,1,FAST,406.155637
4,1,FAST,425.457205
4,1,FAST,434.454039
4,1,FAST,479.279255
4,1,FAST,502.732365
4,1,FAST,409.845503
4,1,FAST,486.499009
4,1,FAST,477.457235
4,1,FAST,463.455869
4,1,FAST,431.597720
4,1,FAST,442.754504
4,1,FAST,493.548628
4,1,FAST,518.962440
4,1,FAST,476.032516
4,1,FAST,418.776185
4,1,FAST,426.916836
4,1,FAST,511.912509
4,1,FAST,466.933444
4,1,FAST,419.106335
4,1,FAST,513.087366
4,1,FAST,406.320891
4,1,FAST,444.866636
4,1,FAST,499.097542
4,1,FAST,408.160872
4,1,FAST,494.764345
4,1,FAST,465.056368
4,1,FAST,510.458147
4,1,FAST,501.211790
4,1,FAST,470.829292
4,1,FAST,499.007221
4,1,FAST,497.939562
4,1,FAST,471.007161
4,1,FAST,522.936663
4,1,FAST,482.031733
4,1,FAST,508.330499
4,1,FAST,440.641759
4,1,FAST,480.152125
4,1,FAST,393.692540
4,1,FAST,383.758170
4,1,FAST,493.905359
4,1,FAST,420.572309
4,1,FAST,466.702769
4,1,FAST,442.656098
4,1,FAST,442.505124
4,1,FAST,517.277377
4,1,FAST,424.142868
4,1,FAST,498.775590
4,1,FAST,518.555344
4,1,FAST,462.775301
4,1,FAST,482.863191
4,1,FAST,410.194241
4,1,FAST,397.756818
4,1,FAST,476.536973
4,1,FAST,483.745769
4,1,FAST,431.086592
4,1,FAST,475.418135
4,1,FAST,509.195492
4,1,FAST,460.742793
4,1,FAST,409.775619
4,1,FAST,505.579830
4,1,FAST,475.620599
4,1,FAST,486.382900
4,1,FAST,435.549210
4,1,FAST,389.368558
4,1,FAST,465.584725
4,1,FAST,511.309302
4,1,FAST,498.658784
4,1,FAST,518.679093
4,1,FAST,475.564859
4,1,FAST,495.791910
4,1,FAST,416.082377
4,1,FAST,436.837047
4,1,FAST,430.501719
4,1,FAST,447.474829
4,1,FAST,515.376977
4,1,FAST,467.432521
4,1,FAST,449.131694
4,1,FAST,468.625781
4,1,FAST,473.474213
4,1,FAST,421.720712
4,1,FAST,403.522499
4,1,FAST,495.339093
4,1,FAST,508.317250
4,1,FAST,516.557923
4,1,FAST,485.726157
4,1,FAST,492.753620
4,1,FAST,427.009356
4,1,FAST,461.192819
4,1,FAST,455.172168
4,1,FAST,489.155114
4,1,FAST,463.550586
4,1,FAST,382.405169
4,1,FAST,436.102845
4,1,FAST,502.616409
4,1,FAST,384.339952
4,1,FAST,409.507966
4,1,FAST,489.938736
4,1,FAST,429.999752
4,1,FAST,404.215925
4,1,FAST,504.880534
4,1,FAST,478.281466
4,1,FAST,447.523580
4,1,FAST,427.634886
4,1,FAST,458.037696
4,1,FAST,447.295432
4,1,FAST,405.213480
4,1,FAST,458.617511
4,1,FAST,499.021417
4,1,FAST,493.856062
4,1,FAST,435.960658
4,1,FAST,497.964588
4,1,FAST,520.954915
4,1,FAST,489.754933
4,1,FAST,473.221424
4,1,FAST,440.366047
4,1,FAST,525.387974
4,1,FAST,499.390285
4,1,FAST,421.033046
4,1,FAST,467.357708
4,1,FAST,473.513680
4,1,FAST,523.290761
4,1,FAST,401.128068
4,1,FAST,425.668665
4,1,FAST,451.858915
4,1,FAST,502.683006
4,1,FAST,473.664433
4,1,FAST,372.111909
4,1,FAST,410.382957
4,1,FAST,475.960847
4,1,FAST,396.204271
4,1,FAST,506.210361
4,1,FAST,485.789014
4,1,FAST,448.482951
4,1,FAST,457.804582
4,1,FAST,461.396788
4,1,FAST,449.797164
4,1,FAST,463.896744
4,1,FAST,517.819045
4,1,FAST,516.389937
4,1,FAST,451.236332
4,1,FAST,481.176699
4,1,FAST,399.029417
4,1,FAST,406.740575
4,1,FAST,488.133790
4,1,FAST,451.935184
4,1,FAST,432.301575
4,1,FAST,434.896279
4,1,FAST,401.951324
4,1,FAST,511.797513
4,1,FAST,414.163785
4,1,FAST,462.332187
4,1,FAST,421.665010
4,1,FAST,373.480135
4,1,FAST,488.900522
4,1,FAST,465.757391
4,1,FAST,493.799101
4,1,FAST,437.335973
4,1,FAST,453.106478
4,1,FAST,419.387809
4,1,FAST,508.710139
4,1,FAST,394.366789
4,1,FAST,401.474470
4,1,FAST,492.610146
4,1,FAST,510.824663
4,1,FAST,507.826281
4,1,FAST,465.458314
4,1,FAST,482.879573
4,1,FAST,383.734724
4,1,FAST,412.920005
4,1,FAST,435.236559
4,1,FAST,460.273687
4,1,FAST,423.781928
4,1,FAST,525.058629
4,1,FAST,503.348904
4,1,FAST,405.446153
4,1,FAST,438.583238
4,1,FAST,448.784079
4,1,FAST,486.809170
4,1,FAST,421.928238
4,1,FAST,525.359111
4,1,FAST,439.695565
4,1,FAST,463.971620
4,1,FAST,499.606752
4,1,FAST,431.743526
4,1,FAST,491.159499
4,1,FAST,454.702778
4,1,FAST,388.414719
4,1,FAST,502.836235
4,1,FAST,453.129098
4,1,FAST,486.852471
4,1,FAST,457.540516
4,1,FAST,368.360789
4,1,FAST,431.390156
4,1,FAST,415.801767
4,1,FAST,459.881896
4,1,FAST,518.507000
4,1,FAST,502.311859
4,1,FAST,478.456988
4,1,FAST,458.772389
4,1,FAST,460.021004
4,1,FAST,444.094028
4,1,FAST,433.204802
4,1,FAST,423.018501
4,1,FAST,469.634582
4,1,FAST,470.313834
4,1,FAST,515.997776
4,1,FAST,449.242535
4,1,FAST,442.794016
4,1,FAST,494.091209
4,1,FAST,512.499544
4,1,FAST,507.663685
4,1,FAST,430.456532
4,1,FAST,454.353654
4,1,FAST,390.231008
4,1,FAST,426.464623
4,1,FAST,479.257847
4,1,FAST,416.451758
4,1,FAST,443.553899
4,1,FAST,524.125248
4,1,FAST,515.174814
4,1,FAST,471.911046
4,1,FAST,482.054251
4,1,FAST,527.161158
4,1,FAST,474.984775
4,1,FAST,494.170883
4,1,FAST,445.427053
4,1,FAST,507.242939
4,1,FAST,505.509422
4,1,FAST,459.668071
4,1,FAST,405.173225
4,1,FAST,489.675899
4,1,FAST,455.296821
4,1,FAST,429.910984
4,1,FAST,422.702633
4,1,FAST,489.250327
4,1,FAST,408.034594
4,1,FAST,412.582216
4,1,FAST,514.021003
4,1,FAST,419.886605
4,1,FAST,466.614740
4,1,FAST,436.959118
4,1,FAST,517.005517
4,1,FAST,473.399719
4,1,FAST,438.310201
4,1,FAST,513.077699
4,1,FAST,481.271806
4,1,FAST,517.641618
4,1,FAST,463.092626
4,1,FAST,487.918017
4,1,FAST,501.619079
4,1,FAST,502.218119
4,1,FAST,465.684075
4,1,FAST,510.057474
4,1,FAST,480.699718
4,1,FAST,476.993626
4,1,FAST,497.637661
4,1,FAST,472.031517
4,1,FAST,458.380425
4,1,FAST,521.225988
4,1,FAST,447.597989
4,1,FAST,445.687089
4,1,FAST,493.325987
4,1,FAST,467.356638
4,1,FAST,484.550907
4,1,FAST,528.560091
4,1,FAST,423.408968
4,1,FAST,521.242497
4,1,FAST,430.414972
4,1,FAST,459.530346
4,1,FAST,483.264722
4,1,FAST,456.381893
4,1,FAST,498.765023
4,1,FAST,411.162694
4,1,FAST,426.602081
4,1,FAST,516.962215
4,1,FAST,488.839532
4,1,FAST,486.801452
4,1,FAST,468.923258
4,1,FAST,473.210067
4,1,FAST,498.313847
4,1,FAST,446.124123
4,1,FAST,426.577013
4,1,FAST,435.623408
4,1,FAST,423.039341
4,1,FAST,517.665996
4,1,FAST,482.844969
4,1,FAST,435.385175
4,1,FAST,403.313669
4,1,FAST,464.417111
4,1,FAST,507.060356
4,1,FAST,452.755223
4,1,FAST,499.981074
4,1,FAST,489.230317
4,1,FAST,438.869220
4,1,FAST,494.597725
4,1,FAST,469.261095
4,1,FAST,428.596121
4,1,FAST,451.049679
4,1,FAST,506.495466
4,1,FAST,513.302930
4,1,FAST,433.478279
4,1,FAST,501.030651
4,1,FAST,454.354067
4,1,FAST,475.881645
4,1,FAST,412.645684
4,1,FAST,476.794028
4,1,FAST,514.074749
4,1,FAST,489.644445
4,1,FAST,420.450059
4,1,FAST,468.377090
4,1,FAST,489.327883
4,1,FAST,426.445106
4,1,FAST,478.219460
4,1,FAST,438.512553
4,1,FAST,495.194380
4,1,FAST,418.290708
4,1,FAST,421.855882
4,1,FAST,445.445394
4,1,FAST,515.507090
4,1,FAST,472.497497
4,1,FAST,390.798696
4,1,FAST,450.370078
4,1,FAST,446.027727
4,1,FAST,472.373241
4,1,FAST,403.934153
4,1,FAST,462.270707
4,1,FAST,517.602879
4,1,FAST,417.714753
4,1,FAST,450.106534
4,1,FAST,494.275253
4,1,FAST,423.445955
4,1,FAST,435.637892
4,1,FAST,461.546034
4,1,FAST,508.167515
4,1,FAST,424.256330
4,1,FAST,481.420707
4,1,FAST,509.677718
4,1,FAST,505.374888
4,1,FAST,481.614128
4,1,FAST,467.400995
4,1,FAST,446.644548
4,1,FAST,417.524797
4,1,FAST,407.176814
4,1,FAST,505.829940
4,1,FAST,449.535475
4,1,FAST,459.348660
4,1,FAST,446.228523
4,1,FAST,433.188175
4,1,FAST,493.513734
4,1,FAST,527.055049
4,1,FAST,411.839852
4,1,FAST,500.265159
4,1,FAST,468.252981
4,1,FAST,409.449069
4,1,FAST,522.666250
4,1,FAST,454.135617
4,1,FAST,471.886967
4,1,FAST,496.968507
4,1,FAST,404.432101
4,1,FAST,496.218050
4,1,FAST,442.850099
4,1,FAST,418.591491
4,1,FAST,462.954983
4,1,FAST,504.320875
4,1,FAST,405.703540
4,1,FAST,447.210642
4,1,FAST,383.420477
4,1,FAST,485.828891
4,1,FAST,423.840188
4,1,FAST,407.346178
4,1,FAST,492.540544
4,1,FAST,473.735069
4,1,FAST,377.441317
4,1,FAST,436.016082
4,1,FAST,430.434485
4,1,FAST,405.510929
4,1,FAST,462.541274
4,1,FAST,507.317302
4,1,FAST,478.370753
4,1,FAST,500.947913
4,1,FAST,495.854313
4,1,FAST,376.329873
4,1,FAST,454.923474
4,1,FAST,388.226067
4,1,FAST,416.061670
4,1,FAST,442.573011
4,1,FAST,387.356650
4,1,FAST,501.747734
4,1,FAST,462.785666
4,1,FAST,476.648274
4,1,FAST,437.784378
4,1,FAST,486.058725
4,1,FAST,449.847244
4,1,FAST,415.677461
4,1,FAST,481.291256
4,1,FAST,428.443161
4,1,FAST,462.935698
4,1,FAST,511.130048
4,1,FAST,425.560060
4,1,FAST,413.342253
4,1,FAST,456.362484
4,1,FAST,402.492753
4,1,FAST,455.689156
4,1,FAST,442.211414
4,1,FAST,481.474712
4,1,FAST,510.059034
4,1,FAST,403.067940
4,1,FAST,422.534745
4,1,FAST,422.915428
4,1,FAST,426.677117
4,1,FAST,521.447377
4,1,FAST,509.557837
4,1,FAST,499.106219
4,1,FAST,441.655934
4,1,FAST,459.506740
4,1,FAST,428.359163
4,1,FAST,466.678706
4,1,FAST,490.906642
4,1,FAST,446.958570
4,1,FAST,503.033845
4,1,FAST,475.044128
4,1,FAST,401.751389
4,1,FAST,458.063575
4,1,FAST,428.153924
4,1,FAST,464.228757
4,1,FAST,402.408762
4,1,FAST,511.387367
4,1,FAST,507.404298
4,1,FAST,466.069188
4,1,FAST,374.427404
4,1,FAST,415.051165
4,1,FAST,400.044950
4,1,FAST,438.910357
4,1,FAST,489.442928
4,1,FAST,444.396266
4,1,FAST,466.177935
4,1,FAST,456.092360
4,1,FAST,504.106184
4,1,FAST,396.667822
4,1,FAST,485.382173
4,1,FAST,379.167241
4,1,FAST,419.946998
4,1,FAST,458.529057
4,1,FAST,496.981216
4,1,FAST,489.402457
4,1,FAST,469.679574
4,1,FAST,449.528570
4,1,FAST,500.783981
4,1,FAST,524.189499
4,1,FAST,453.934890
4,1,FAST,502.217749
4,1,FAST,458.256858
4,1,FAST,441.780241
4,1,FAST,393.300119
4,1,FAST,403.426468
4,1,FAST,417.563421
4,1,FAST,487.515336
4,1,FAST,376.923303
4,1,FAST,430.358431
4,1,FAST,508.385583
4,1,FAST,451.369862
4,1,FAST,492.355088
4,1,FAST,527.286364
4,1,FAST,465.619244
4,1,FAST,423.029345
4,1,FAST,508.552093
4,1,FAST,451.790614
4,1,FAST,513.182974
4,1,FAST,415.392701
4,1,FAST,478.309170
4,1,FAST,495.677836
4,1,FAST,472.423427
4,1,FAST,469.468344
4,1,FAST,433.741739
4,1,FAST,468.806863
4,1,FAST,503.079678
4,1,FAST,506.123161
4,1,FAST,454.954536
4,1,FAST,438.824713
4,1,FAST,497.066286
4,1,FAST,527.410960
4,1,FAST,491.614707
4,1,FAST,427.856296
4,1,FAST,514.081203
4,1,FAST,485.155253
4,1,FAST,496.750019
4,1,FAST,424.428587
4,1,FAST,444.770751
4,1,FAST,467.579992
4,1,FAST,455.916492
4,1,FAST,527.460000
4,1,FAST,457.141223
4,1,FAST,491.769508
4,1,FAST,470.613100
4,1,FAST,504.090399
4,1,FAST,491.216216
4,1,FAST,464.027391
4,1,FAST,501.550287
4,1,FAST,415.327146
4,1,FAST,507.529451
4,1,FAST,477.753820
4,1,FAST,478.172565
4,1,FAST,394.028817
4,1,FAST,408.741445
4,1,FAST,433.530702
4,1,FAST,457.271790
4,1,FAST,404.693460
4,1,FAST,414.585262
4,1,FAST,437.920597
4,1,FAST,499.410580
4,1,FAST,460.978124
4,1,FAST,475.161665
4,1,FAST,375.844038
4,1,FAST,395.851344
4,1,FAST,522.590314
4,1,FAST,400.753527
4,1,FAST,460.827033
4,1,FAST,412.742421
4,1,FAST,504.634986
4,1,FAST,436.661382
4,1,FAST,427.170011
4,1,FAST,476.713198
4,1,FAST,511.119437
4,1,FAST,444.831593
4,1,FAST,427.841862
4,1,FAST,472.881093
4,1,FAST,486.893921
4,1,FAST,428.526600
4,1,FAST,415.136315
4,1,FAST,498.208766
4,1,FAST,517.297191
4,1,FAST,449.577325
4,1,FAST,475.458439
4,1,FAST,487.470470
4,1,FAST,423.236500
4,1,FAST,374.223150
4,1,FAST,396.987516
4,1,FAST,421.433308
4,1,FAST,496.012593
4,1,FAST,516.495413
4,1,FAST,427.602728
4,1,FAST,484.091257
4,1,FAST,428.260462
4,1,FAST,467.632906
4,1,FAST,458.025283
4,1,FAST,483.513487
4,1,FAST,474.932980
4,1,FAST,420.222312
4,1,FAST,411.466275
4,1,FAST,501.884681
4,1,FAST,388.236905
4,1,FAST,358.278668
4,1,FAST,341.965545
4,1,FAST,444.743727
4,1,FAST,451.460236
4,1,FAST,468.121239
4,1,FAST,418.020261
4,1,FAST,504.758431
4,1,FAST,400.248437
4,1,FAST,496.566235
4,1,FAST,446.191937
4,1,FAST,414.177759
4,1,FAST,456.969570
4,1,FAST,519.084829
4,1,FAST,481.600753
4,1,FAST,479.941196
4,1,FAST,482.865554
4,1,FAST,449.407442
4,1,FAST,450.336702
4,1,FAST,502.173043
4,1,FAST,470.704968
4,1,FAST,440.708529
4,1,FAST,446.218585
4,1,FAST,509.153214
4,1,FAST,405.155657
4,1,FAST,420.538023
4,1,FAST,486.590383
4,1,FAST,459.313220
4,1,FAST,410.130158
4,1,FAST,477.934907
4,1,FAST,456.718805
4,1,FAST,508.411403
4,1,FAST,392.970030
4,1,FAST,383.585654
4,1,FAST,484.072580
4,1,FAST,439.149121
4,1,FAST,474.424158
4,1,FAST,428.041537
4,1,FAST,502.472918
4,1,FAST,524.419464
4,1,FAST,396.772723
4,1,FAST,447.511387
4,1,FAST,460.396915
4,1,FAST,426.152815
4,1,FAST,494.577865
4,1,FAST,468.822208
4,1,FAST,393.514577
4,1,FAST,519.205826
4,1,FAST,422.669829
4,1,FAST,397.274689
4,1,FAST,414.981412
4,1,FAST,447.008902
4,1,FAST,453.049832
4,1,FAST,468.119781
4,1,FAST,495.584342
4,1,FAST,514.064282
4,1,FAST,457.811776
4,1,FAST,493.104568
4,1,FAST,524.069484
4,1,FAST,430.270186
4,1,FAST,444.869322
4,1,FAST,473.380595
4,1,FAST,403.086966
4,1,FAST,415.498385
4,1,FAST,526.915265
4,1,FAST,468.054576
4,1,FAST,498.575623
4,1,FAST,492.469381
4,1,FAST,525.403649
4,1,FAST,459.718550
4,1,FAST,432.768445
4,1,FAST,447.629746
4,1,FAST,502.921012
4,1,FAST,402.661043
4,1,FAST,402.452147
4,1,FAST,485.469901
4,1,FAST,465.063542
4,1,FAST,456.051733
4,1,FAST,499.744404
4,1,FAST,407.140737
4,1,FAST,487.274975
4,1,FAST,477.304592
4,1,FAST,430.058746
4,1,FAST,497.378969
4,1,FAST,373.678343
4,1,FAST,473.991843
4,1,FAST,501.864770
4,1,FAST,411.077020
4,1,FAST,428.350253
4,1,FAST,414.033150
4,1,FAST,456.022963
4,1,FAST,403.419210
4,1,FAST,536.541263
4,1,FAST,510.824209
4,1,FAST,560.691858
4,1,FAST,542.790221
4,1,FAST,493.020274
