ok,latency_ms,commit_mode
1,0.215086,FAST
1,0.221296,FAST
1,0.207454,FAST
1,0.228300,FAST
1,0.117609,FAST
1,0.109357,FAST
1,0.105386,FAST
1,0.217638,FAST
1,0.114803,FAST
1,0.107702,FAST
1,0.108280,FAST
1,0.104725,FAST
1,0.102984,FAST
1,0.103850,FAST
1,0.102894,FAST
1,0.102924,FAST
1,0.215495,FAST
1,0.116464,FAST
1,0.123026,FAST
1,0.113075,FAST
1,0.105324,FAST
1,0.104369,FAST
1,0.105322,FAST
1,0.103577,FAST
1,0.103043,FAST
1,0.102411,FAST
1,0.102238,FAST
1,0.104006,FAST
1,0.105499,FAST
1,0.104253,FAST
1,0.103358,FAST
1,0.103818,FAST
1,0.103553,FAST
1,0.104675,FAST
1,0.101851,FAST
1,0.101579,FAST
1,0.101613,FAST
1,0.104284,FAST
1,0.235089,FAST
1,0.225872,FAST
1,0.114357,FAST
1,0.110456,FAST
1,0.105219,FAST
1,0.101825,FAST
1,0.166359,FAST
1,0.219054,FAST
1,0.114381,FAST
1,0.124568,FAST
1,0.115008,FAST
1,0.106487,FAST
1,0.105555,FAST
1,0.239065,FAST
1,0.217723,FAST
1,0.114239,FAST
1,0.107007,FAST
1,0.104813,FAST
1,0.227488,FAST
1,0.119508,FAST
1,0.108548,FAST
1,0.107451,FAST
1,0.105598,FAST
1,0.105158,FAST
1,0.103110,FAST
1,0.107260,FAST
1,0.102983,FAST
1,0.085455,FAST
1,0.108095,FAST
1,0.103752,FAST
1,0.104285,FAST
1,0.102903,FAST
1,0.103059,FAST
1,0.106313,FAST
1,0.105212,FAST
1,0.104548,FAST
1,0.104487,FAST
1,0.103163,FAST
1,0.101848,FAST
1,0.102930,FAST
1,0.102749,FAST
1,0.105070,FAST
1,0.104286,FAST
1,0.102265,FAST
1,0.103643,FAST
1,0.104491,FAST
1,0.104660,FAST
1,0.106512,FAST
1,0.103412,FAST
1,0.102728,FAST
1,0.104591,FAST
1,0.102988,FAST
1,0.102411,FAST
1,0.103220,FAST
1,0.102113,FAST
1,0.076142,FAST
1,0.103520,FAST
1,0.103288,FAST
1,0.103330,FAST
1,0.103220,FAST
1,0.103776,FAST
1,0.109705,FAST
1,0.102194,FAST
1,0.101518,FAST
1,0.104898,FAST
1,0.102639,FAST
1,0.102445,FAST
1,0.102955,FAST
1,0.102176,FAST
1,0.101959,FAST
1,0.101925,FAST
1,0.101812,FAST
1,0.104781,FAST
1,0.102452,FAST
1,0.102770,FAST
1,0.105144,FAST
1,0.102481,FAST
1,0.107919,FAST
1,0.111297,FAST
1,0.101218,FAST
1,0.101468,FAST
1,0.108641,FAST
1,0.101792,FAST
1,0.061258,FAST
1,0.101522,FAST
1,0.101024,FAST
1,0.100457,FAST
1,0.100193,FAST
1,0.102112,FAST
1,0.108586,FAST
1,0.100501,FAST
1,0.101145,FAST
1,0.101794,FAST
1,0.102432,FAST
1,0.104956,FAST
1,0.101862,FAST
1,0.101401,FAST
1,0.100906,FAST
1,0.099967,FAST
1,0.107792,FAST
1,0.111104,FAST
1,0.100705,FAST
1,0.082298,FAST
1,0.123313,FAST
1,0.101840,FAST
1,0.100463,FAST
1,0.100319,FAST
1,0.109865,FAST
1,0.103668,FAST
1,0.101998,FAST
1,0.100441,FAST
1,0.100400,FAST
1,0.106706,FAST
1,0.106723,FAST
1,0.102420,FAST
1,0.105515,FAST
1,0.101183,FAST
1,0.102778,FAST
1,0.103502,FAST
1,0.102367,FAST
1,0.101946,FAST
1,0.055698,FAST
1,0.102997,FAST
1,0.103436,FAST
1,0.101931,FAST
1,0.101187,FAST
1,0.100759,FAST
1,0.110648,FAST
1,0.101631,FAST
1,0.101934,FAST
1,0.102364,FAST
1,0.107464,FAST
1,0.103712,FAST
1,0.101375,FAST
1,0.112504,FAST
1,0.102223,FAST
1,0.101237,FAST
1,0.101204,FAST
1,0.100986,FAST
1,0.101223,FAST
1,0.069206,FAST
1,0.121060,FAST
1,0.102326,FAST
1,0.101015,FAST
1,0.100228,FAST
1,0.100443,FAST
1,0.102927,FAST
1,0.110445,FAST
1,0.101213,FAST
1,0.101187,FAST
1,0.104357,FAST
1,0.101830,FAST
1,0.100756,FAST
1,0.100084,FAST
1,0.100610,FAST
1,0.100091,FAST
1,0.101939,FAST
1,0.101540,FAST
1,0.101352,FAST
1,0.078255,FAST
1,0.103567,FAST
1,0.101535,FAST
1,0.108099,FAST
1,0.110529,FAST
1,0.100251,FAST
1,0.099751,FAST
1,0.101319,FAST
1,0.111339,FAST
1,0.100769,FAST
1,0.102757,FAST
1,0.100144,FAST
1,0.100686,FAST
1,0.100737,FAST
1,0.111544,FAST
1,0.100371,FAST
1,0.100119,FAST
1,0.100381,FAST
1,0.100373,FAST
1,0.078820,FAST
1,0.101965,FAST
1,0.101402,FAST
1,0.101642,FAST
1,0.103609,FAST
1,0.101582,FAST
1,0.102887,FAST
1,0.288676,FAST
1,0.067754,FAST
1,0.103949,FAST
1,0.108168,FAST
1,0.103617,FAST
1,0.106771,FAST
1,0.102767,FAST
1,0.102060,FAST
1,0.101912,FAST
1,0.102099,FAST
1,0.104653,FAST
1,0.138813,FAST
1,0.104508,FAST
1,0.104190,FAST
1,0.134601,FAST
1,0.116471,FAST
1,0.110875,FAST
1,0.114548,FAST
1,0.106388,FAST
1,0.109376,FAST
1,0.104669,FAST
1,0.105032,FAST
1,0.104397,FAST
1,0.105054,FAST
1,0.103130,FAST
1,0.102722,FAST
1,0.103232,FAST
1,0.102865,FAST
1,0.053788,FAST
1,0.104114,FAST
1,0.107566,FAST
1,0.105710,FAST
1,0.103280,FAST
1,0.112694,FAST
1,0.104479,FAST
1,0.103336,FAST
1,0.102615,FAST
1,0.105463,FAST
1,0.104565,FAST
1,0.103302,FAST
1,0.102385,FAST
1,0.103073,FAST
1,0.102893,FAST
1,0.102872,FAST
1,0.102812,FAST
1,0.102776,FAST
1,0.103138,FAST
1,0.103752,FAST
1,0.114094,FAST
1,0.102346,FAST
1,0.111853,FAST
1,0.105513,FAST
1,0.101721,FAST
1,0.103938,FAST
1,0.101717,FAST
1,0.101872,FAST
1,0.058983,FAST
1,0.102453,FAST
1,0.101707,FAST
1,0.108929,FAST
1,0.113299,FAST
1,0.103780,FAST
1,0.110292,FAST
1,0.111020,FAST
1,0.101793,FAST
1,0.104005,FAST
1,0.101750,FAST
1,0.101475,FAST
1,0.114545,FAST
1,0.111022,FAST
1,0.103365,FAST
1,0.110518,FAST
1,0.107349,FAST
1,0.104067,FAST
1,0.100721,FAST
1,0.103496,FAST
1,0.102628,FAST
1,0.101272,FAST
1,0.100673,FAST
1,0.117693,FAST
1,0.101076,FAST
1,0.100503,FAST
1,0.101335,FAST
1,0.101636,FAST
1,0.053640,FAST
1,0.101974,FAST
1,0.100941,FAST
1,0.101418,FAST
1,0.102858,FAST
1,0.101625,FAST
1,0.100133,FAST
1,0.100301,FAST
1,0.100211,FAST
1,0.100938,FAST
1,0.054727,FAST
1,0.102575,FAST
1,0.102016,FAST
1,0.101472,FAST
1,0.101191,FAST
1,0.100652,FAST
1,0.101138,FAST
1,0.101427,FAST
1,0.101058,FAST
1,0.101626,FAST
1,0.101787,FAST
1,0.102515,FAST
1,0.110392,FAST
1,0.101442,FAST
1,0.101156,FAST
1,0.103275,FAST
1,0.101177,FAST
1,0.101186,FAST
1,0.101170,FAST
1,0.090161,FAST
1,0.101093,FAST
1,0.101190,FAST
1,0.105371,FAST
1,0.101869,FAST
1,0.112755,FAST
1,0.100166,FAST
1,0.111355,FAST
1,0.101751,FAST
1,0.101546,FAST
1,0.104352,FAST
1,0.101754,FAST
1,0.103366,FAST
1,0.102865,FAST
1,0.102535,FAST
1,0.103165,FAST
1,0.100457,FAST
1,0.100861,FAST
1,0.101323,FAST
1,0.104129,FAST
1,0.102195,FAST
1,0.102065,FAST
1,0.101758,FAST
1,0.101627,FAST
1,0.101582,FAST
1,0.101504,FAST
1,0.101280,FAST
1,0.101226,FAST
1,0.096411,FAST
1,0.104856,FAST
1,0.102498,FAST
1,0.104212,FAST
1,0.102678,FAST
1,0.101623,FAST
1,0.102134,FAST
1,0.101225,FAST
1,0.101826,FAST
1,0.101387,FAST
1,0.104434,FAST
1,0.107220,FAST
1,0.103622,FAST
1,0.103353,FAST
1,0.102734,FAST
1,0.101073,FAST
1,0.101417,FAST
1,0.103624,FAST
1,0.103341,FAST
1,0.102095,FAST
1,0.102475,FAST
1,0.102479,FAST
1,0.101636,FAST
1,0.101445,FAST
1,0.101630,FAST
1,0.101337,FAST
1,0.101037,FAST
1,0.100893,FAST
1,0.093402,FAST
1,0.102456,FAST
1,0.101484,FAST
1,0.104026,FAST
1,0.102849,FAST
1,0.101367,FAST
1,0.102566,FAST
1,0.122387,FAST
1,0.106908,FAST
1,0.104818,FAST
1,0.103309,FAST
1,0.100530,FAST
1,0.102908,FAST
1,0.112982,FAST
1,0.109220,FAST
1,0.100143,FAST
1,0.100171,FAST
1,0.100781,FAST
1,0.100900,FAST
1,0.101437,FAST
1,0.101060,FAST
1,0.100065,FAST
1,0.100687,FAST
1,0.099683,FAST
1,0.116141,FAST
1,0.110973,FAST
1,0.100406,FAST
1,0.101027,FAST
1,0.068670,FAST
1,0.100327,FAST
1,0.099453,FAST
1,0.101906,FAST
1,0.105211,FAST
1,0.100405,FAST
1,0.108248,FAST
1,0.100385,FAST
1,0.100286,FAST
1,0.101386,FAST
1,0.101583,FAST
1,0.104018,FAST
1,0.101644,FAST
1,0.100678,FAST
1,0.100925,FAST
1,0.100014,FAST
1,0.102307,FAST
1,0.100776,FAST
1,0.109825,FAST
1,0.090446,FAST
1,0.101657,FAST
1,0.101321,FAST
1,0.100702,FAST
1,0.116288,FAST
1,0.110325,FAST
1,0.100686,FAST
1,0.099813,FAST
1,0.099710,FAST
1,0.113824,FAST
1,0.102081,FAST
1,0.108740,FAST
1,0.101139,FAST
1,0.102618,FAST
1,0.100354,FAST
1,0.100184,FAST
1,0.099368,FAST
1,0.100118,FAST
1,0.111044,FAST
1,0.058161,FAST
1,0.102324,FAST
1,0.099687,FAST
1,0.117086,FAST
1,0.100078,FAST
1,0.102998,FAST
1,0.100495,FAST
1,0.099852,FAST
1,0.101992,FAST
1,0.100831,FAST
1,0.100893,FAST
1,0.107559,FAST
1,0.109190,FAST
1,0.100314,FAST
1,0.099876,FAST
1,0.099634,FAST
1,0.100162,FAST
1,0.100165,FAST
1,0.101029,FAST
1,0.088915,FAST
1,0.100658,FAST
1,0.100860,FAST
1,0.102751,FAST
1,0.101406,FAST
1,0.105918,FAST
1,0.109672,FAST
1,0.101362,FAST
1,0.100827,FAST
1,0.100634,FAST
1,0.101523,FAST
1,0.102865,FAST
1,0.100983,FAST
1,0.100303,FAST
1,0.100732,FAST
1,0.100648,FAST
1,0.100784,FAST
1,0.101451,FAST
1,0.100800,FAST
1,0.091346,FAST
1,0.102179,FAST
1,0.101474,FAST
1,0.101284,FAST
