latency_ms,cdf
0.053640,0.00200000
0.053788,0.00400000
0.054727,0.00600000
0.055698,0.00800000
0.058161,0.01000000
0.058983,0.01200000
0.061258,0.01400000
0.067754,0.01600000
0.068670,0.01800000
0.069206,0.02000000
0.076142,0.02200000
0.078255,0.02400000
0.078820,0.02600000
0.082298,0.02800000
0.085455,0.03000000
0.088915,0.03200000
0.090161,0.03400000
0.090446,0.03600000
0.091346,0.03800000
0.093402,0.04000000
0.096411,0.04200000
0.099368,0.04400000
0.099453,0.04600000
0.099634,0.04800000
0.099683,0.05000000
0.099687,0.05200000
0.099710,0.05400000
0.099751,0.05600000
0.099813,0.05800000
0.099852,0.06000000
0.099876,0.06200000
0.099967,0.06400000
0.100014,0.06600000
0.100065,0.06800000
0.100078,0.07000000
0.100084,0.07200000
0.100091,0.07400000
0.100118,0.07600000
0.100119,0.07800000
0.100133,0.08000000
0.100143,0.08200000
0.100144,0.08400000
0.100162,0.08600000
0.100165,0.08800000
0.100166,0.09000000
0.100171,0.09200000
0.100184,0.09400000
0.100193,0.09600000
0.100211,0.09800000
0.100228,0.10000000
0.100251,0.10200000
0.100286,0.10400000
0.100301,0.10600000
0.100303,0.10800000
0.100314,0.11000000
0.100319,0.11200000
0.100327,0.11400000
0.100354,0.11600000
0.100371,0.11800000
0.100373,0.12000000
0.100381,0.12200000
0.100385,0.12400000
0.100400,0.12600000
0.100405,0.12800000
0.100406,0.13000000
0.100441,0.13200000
0.100443,0.13400000
0.100457,0.13600000
0.100457,0.13800000
0.100463,0.14000000
0.100495,0.14200000
0.100501,0.14400000
0.100503,0.14600000
0.100530,0.14800000
0.100610,0.15000000
0.100634,0.15200000
0.100648,0.15400000
0.100652,0.15600000
0.100658,0.15800000
0.100673,0.16000000
0.100678,0.16200000
0.100686,0.16400000
0.100686,0.16600000
0.100687,0.16800000
0.100702,0.17000000
0.100705,0.17200000
0.100721,0.17400000
0.100732,0.17600000
0.100737,0.17800000
0.100756,0.18000000
0.100759,0.18200000
0.100769,0.18400000
0.100776,0.18600000
0.100781,0.18800000
0.100784,0.19000000
0.100800,0.19200000
0.100827,0.19400000
0.100831,0.19600000
0.100860,0.19800000
0.100861,0.20000000
0.100893,0.20200000
0.100893,0.20400000
0.100900,0.20600000
0.100906,0.20800000
0.100925,0.21000000
0.100938,0.21200000
0.100941,0.21400000
0.100983,0.21600000
0.100986,0.21800000
0.101015,0.22000000
0.101024,0.22200000
0.101027,0.22400000
0.101029,0.22600000
0.101037,0.22800000
0.101058,0.23000000
0.101060,0.23200000
0.101073,0.23400000
0.101076,0.23600000
0.101093,0.23800000
0.101138,0.24000000
0.101139,0.24200000
0.101145,0.24400000
0.101156,0.24600000
0.101170,0.24800000
0.101177,0.25000000
0.101183,0.25200000
0.101186,0.25400000
0.101187,0.25600000
0.101187,0.25800000
0.101190,0.26000000
0.101191,0.26200000
0.101204,0.26400000
0.101213,0.26600000
0.101218,0.26800000
0.101223,0.27000000
0.101225,0.27200000
0.101226,0.27400000
0.101237,0.27600000
0.101272,0.27800000
0.101280,0.28000000
0.101284,0.28200000
0.101319,0.28400000
0.101321,0.28600000
0.101323,0.28800000
0.101335,0.29000000
0.101337,0.29200000
0.101352,0.29400000
0.101362,0.29600000
0.101367,0.29800000
0.101375,0.30000000
0.101386,0.30200000
0.101387,0.30400000
0.101401,0.30600000
0.101402,0.30800000
0.101406,0.31000000
0.101417,0.31200000
0.101418,0.31400000
0.101427,0.31600000
0.101437,0.31800000
0.101442,0.32000000
0.101445,0.32200000
0.101451,0.32400000
0.101468,0.32600000
0.101472,0.32800000
0.101474,0.33000000
0.101475,0.33200000
0.101484,0.33400000
0.101504,0.33600000
0.101518,0.33800000
0.101522,0.34000000
0.101523,0.34200000
0.101535,0.34400000
0.101540,0.34600000
0.101546,0.34800000
0.101579,0.35000000
0.101582,0.35200000
0.101582,0.35400000
0.101583,0.35600000
0.101613,0.35800000
0.101623,0.36000000
0.101625,0.36200000
0.101626,0.36400000
0.101627,0.36600000
0.101630,0.36800000
0.101631,0.37000000
0.101636,0.37200000
0.101636,0.37400000
0.101642,0.37600000
0.101644,0.37800000
0.101657,0.38000000
0.101707,0.38200000
0.101717,0.38400000
0.101721,0.38600000
0.101750,0.38800000
0.101751,0.39000000
0.101754,0.39200000
0.101758,0.39400000
0.101787,0.39600000
0.101792,0.39800000
0.101793,0.40000000
0.101794,0.40200000
0.101812,0.40400000
0.101825,0.40600000
0.101826,0.40800000
0.101830,0.41000000
0.101840,0.41200000
0.101848,0.41400000
0.101851,0.41600000
0.101862,0.41800000
0.101869,0.42000000
0.101872,0.42200000
0.101906,0.42400000
0.101912,0.42600000
0.101925,0.42800000
0.101931,0.43000000
0.101934,0.43200000
0.101939,0.43400000
0.101946,0.43600000
0.101959,0.43800000
0.101965,0.44000000
0.101974,0.44200000
0.101992,0.44400000
0.101998,0.44600000
0.102016,0.44800000
0.102060,0.45000000
0.102065,0.45200000
0.102081,0.45400000
0.102095,0.45600000
0.102099,0.45800000
0.102112,0.46000000
0.102113,0.46200000
0.102134,0.46400000
0.102176,0.46600000
0.102179,0.46800000
0.102194,0.47000000
0.102195,0.47200000
0.102223,0.47400000
0.102238,0.47600000
0.102265,0.47800000
0.102307,0.48000000
0.102324,0.48200000
0.102326,0.48400000
0.102346,0.48600000
0.102364,0.48800000
0.102367,0.49000000
0.102385,0.49200000
0.102411,0.49400000
0.102411,0.49600000
0.102420,0.49800000
0.102432,0.50000000
0.102445,0.50200000
0.102452,0.50400000
0.102453,0.50600000
0.102456,0.50800000
0.102475,0.51000000
0.102479,0.51200000
0.102481,0.51400000
0.102498,0.51600000
0.102515,0.51800000
0.102535,0.52000000
0.102566,0.52200000
0.102575,0.52400000
0.102615,0.52600000
0.102618,0.52800000
0.102628,0.53000000
0.102639,0.53200000
0.102678,0.53400000
0.102722,0.53600000
0.102728,0.53800000
0.102734,0.54000000
0.102749,0.54200000
0.102751,0.54400000
0.102757,0.54600000
0.102767,0.54800000
0.102770,0.55000000
0.102776,0.55200000
0.102778,0.55400000
0.102812,0.55600000
0.102849,0.55800000
0.102858,0.56000000
0.102865,0.56200000
0.102865,0.56400000
0.102865,0.56600000
0.102872,0.56800000
0.102887,0.57000000
0.102893,0.57200000
0.102894,0.57400000
0.102903,0.57600000
0.102908,0.57800000
0.102924,0.58000000
0.102927,0.58200000
0.102930,0.58400000
0.102955,0.58600000
0.102983,0.58800000
0.102984,0.59000000
0.102988,0.59200000
0.102997,0.59400000
0.102998,0.59600000
0.103043,0.59800000
0.103059,0.60000000
0.103073,0.60200000
0.103110,0.60400000
0.103130,0.60600000
0.103138,0.60800000
0.103163,0.61000000
0.103165,0.61200000
0.103220,0.61400000
0.103220,0.61600000
0.103232,0.61800000
0.103275,0.62000000
0.103280,0.62200000
0.103288,0.62400000
0.103302,0.62600000
0.103309,0.62800000
0.103330,0.63000000
0.103336,0.63200000
0.103341,0.63400000
0.103353,0.63600000
0.103358,0.63800000
0.103365,0.64000000
0.103366,0.64200000
0.103412,0.64400000
0.103436,0.64600000
0.103496,0.64800000
0.103502,0.65000000
0.103520,0.65200000
0.103553,0.65400000
0.103567,0.65600000
0.103577,0.65800000
0.103609,0.66000000
0.103617,0.66200000
0.103622,0.66400000
0.103624,0.66600000
0.103643,0.66800000
0.103668,0.67000000
0.103712,0.67200000
0.103752,0.67400000
0.103752,0.67600000
0.103776,0.67800000
0.103780,0.68000000
0.103818,0.68200000
0.103850,0.68400000
0.103938,0.68600000
0.103949,0.68800000
0.104005,0.69000000
0.104006,0.69200000
0.104018,0.69400000
0.104026,0.69600000
0.104067,0.69800000
0.104114,0.70000000
0.104129,0.70200000
0.104190,0.70400000
0.104212,0.70600000
0.104253,0.70800000
0.104284,0.71000000
0.104285,0.71200000
0.104286,0.71400000
0.104352,0.71600000
0.104357,0.71800000
0.104369,0.72000000
0.104397,0.72200000
0.104434,0.72400000
0.104479,0.72600000
0.104487,0.72800000
0.104491,0.73000000
0.104508,0.73200000
0.104548,0.73400000
0.104565,0.73600000
0.104591,0.73800000
0.104653,0.74000000
0.104660,0.74200000
0.104669,0.74400000
0.104675,0.74600000
0.104725,0.74800000
0.104781,0.75000000
0.104813,0.75200000
0.104818,0.75400000
0.104856,0.75600000
0.104898,0.75800000
0.104956,0.76000000
0.105032,0.76200000
0.105054,0.76400000
0.105070,0.76600000
0.105144,0.76800000
0.105158,0.77000000
0.105211,0.77200000
0.105212,0.77400000
0.105219,0.77600000
0.105322,0.77800000
0.105324,0.78000000
0.105371,0.78200000
0.105386,0.78400000
0.105463,0.78600000
0.105499,0.78800000
0.105513,0.79000000
0.105515,0.79200000
0.105555,0.79400000
0.105598,0.79600000
0.105710,0.79800000
0.105918,0.80000000
0.106313,0.80200000
0.106388,0.80400000
0.106487,0.80600000
0.106512,0.80800000
0.106706,0.81000000
0.106723,0.81200000
0.106771,0.81400000
0.106908,0.81600000
0.107007,0.81800000
0.107220,0.82000000
0.107260,0.82200000
0.107349,0.82400000
0.107451,0.82600000
0.107464,0.82800000
0.107559,0.83000000
0.107566,0.83200000
0.107702,0.83400000
0.107792,0.83600000
0.107919,0.83800000
0.108095,0.84000000
0.108099,0.84200000
0.108168,0.84400000
0.108248,0.84600000
0.108280,0.84800000
0.108548,0.85000000
0.108586,0.85200000
0.108641,0.85400000
0.108740,0.85600000
0.108929,0.85800000
0.109190,0.86000000
0.109220,0.86200000
0.109357,0.86400000
0.109376,0.86600000
0.109672,0.86800000
0.109705,0.87000000
0.109825,0.87200000
0.109865,0.87400000
0.110292,0.87600000
0.110325,0.87800000
0.110392,0.88000000
0.110445,0.88200000
0.110456,0.88400000
0.110518,0.88600000
0.110529,0.88800000
0.110648,0.89000000
0.110875,0.89200000
0.110973,0.89400000
0.111020,0.89600000
0.111022,0.89800000
0.111044,0.90000000
0.111104,0.90200000
0.111297,0.90400000
0.111339,0.90600000
0.111355,0.90800000
0.111544,0.91000000
0.111853,0.91200000
0.112504,0.91400000
0.112694,0.91600000
0.112755,0.91800000
0.112982,0.92000000
0.113075,0.92200000
0.113299,0.92400000
0.113824,0.92600000
0.114094,0.92800000
0.114239,0.93000000
0.114357,0.93200000
0.114381,0.93400000
0.114545,0.93600000
0.114548,0.93800000
0.114803,0.94000000
0.115008,0.94200000
0.116141,0.94400000
0.116288,0.94600000
0.116464,0.94800000
0.116471,0.95000000
0.117086,0.95200000
0.117609,0.95400000
0.117693,0.95600000
0.119508,0.95800000
0.121060,0.96000000
0.122387,0.96200000
0.123026,0.96400000
0.123313,0.96600000
0.124568,0.96800000
0.134601,0.97000000
0.138813,0.97200000
0.166359,0.97400000
0.207454,0.97600000
0.215086,0.97800000
0.215495,0.98000000
0.217638,0.98200000
0.217723,0.98400000
0.219054,0.98600000
0.221296,0.98800000
0.225872,0.99000000
0.227488,0.99200000
0.228300,0.99400000
0.235089,0.99600000
0.239065,0.99800000
0.288676,1.00000000
